Workbook

Sheet Calculations
B3: Scenario | C3: CO2 emissions [kg] | D3: Bill from supplier [DKK] | E3: Cost of PV | F3: Cost of wind turbine | G3: Cost of PV and wind turbine [DKK] | H3: Total costs [DKK] (Incl. revenue from wind) | I3: Revenue from wind [DKK] | J3: Total revenue [DKK] | K3: Revenue - costs [DKK] | L3: Electricity consumed [kWh] | M3: Electricity produced by PV [kWh] | N3: Electricity produced by wind turbine [kWh] | O3: Electricity bought from grid [kWh] | P3: Electricity bought from peer-to-peer [kWh] | Q3: Electricity sold to grid [kWh]
B4: Base case | C4: 118388.99 | D4: 717929.97 | E4: 42357.88 | G4: =E4+F4 -> 42357.88 | H4: =D4+G4-I4 -> 760287.85 | L4: 455079.99
B5: Scenario 1 | C5: 157208.03 | D5: 816834.58 | G5: =E5+F5 -> 0 | H5: =D5+G5-I5 -> 816834.58 | L5: 455079.99 | M5: 123079.98
B6: Scenario 2 | C6: 118426.62 | D6: 619590.9 | E6: 42357.88 | G6: =E6+F6 -> 42357.88 | H6: =D6+G6-I6 -> 661948.78 | L6: 455079.99 | M6: 123079.98 | O6: 332115.16 | P6: 66955.008
B7: Scenario 3 | C7: -10611.195 | D7: 356645.98 | E7: 183135.54 | G7: =E7+F7 -> 183135.54 | H7: =D7+G7-I7 -> 539781.52 | L7: 455079.99 | M7: 532139.9 | O7: -77007.711 | P7: 4538.017
B8: Scenario 4 | C8: 64316.094 | D8: 412566.66 | E8: 42357.88 | F8: 142672.5 | G8: =E8+F8 -> 185030.38 | H8: =D8+G8-I8 -> 590828.17 | I8: 6768.871 | L8: 455079.99 | M8: 123079.98 | N8: 230112.92
B9: Scenario 5 | C9: -76363.171 | D9: 144949.78 | E9: 183135.54 | F9: 142672.5 | G9: =E9+F9 -> 325808.04 | H9: =D9+G9-I9 -> 447764.76 | I9: 22993.057 | L9: 455079.99 | M9: 532139.9 | N9: 230112.92
B11: =27/137 -> 0.19708029 | E11: =(E9+F9)/E9 -> 1.7790541
B12: =B3 -> Scenario | C12: =C3 -> CO2 emissions [kg] | E12: =B3 -> Scenario | F12: Bill from supplier | G12: =E3 -> Cost of PV | H12: =F3 -> Cost of wind turbine | I12: CO2 emissions [kg]
B13: =B4 -> Base case | C13: =C4 -> 118388.99 | D13: =C13/$C$14 -> 0.75307215 | E13: =B4 -> Base case | F13: =D4-I4 -> 717929.97 | G13: =E4 -> 42357.88 | H13: =F4 -> 0 | I13: =C4 -> 118388.99 | J13: =(F13+G13+H13)/$F$14 -> 0.93077335
B14: =B5 -> Scenario 1 | C14: =C5 -> 157208.03 | D14: =C14/$C$14 -> 1 | E14: =B5 -> Scenario 1 | F14: =D5-I5 -> 816834.58 | G14: =E5 -> 0 | H14: =F5 -> 0 | I14: =C5 -> 157208.03 | J14: =(F14+G14+H14)/$F$14 -> 1
B15: =B6 -> Scenario 2 | C15: =C6 -> 118426.62 | D15: =C15/$C$14 -> 0.75331154 | E15: =B6 -> Scenario 2 | F15: =D6-I6 -> 619590.9 | G15: =E6 -> 42357.88 | H15: =F6 -> 0 | I15: =C6 -> 118426.62 | J15: =(F15+G15+H15)/$F$14 -> 0.81038291
B16: =B7 -> Scenario 3 | C16: =C7 -> -10611.195 | D16: =C16/$C$14 -> -0.067497796 | E16: =B7 -> Scenario 3 | F16: =D7-I7 -> 356645.98 | G16: =E7 -> 183135.54 | H16: =F7 -> 0 | I16: =C7 -> -10611.195 | J16: =(F16+G16+H16)/$F$14 -> 0.6608211
B17: =B8 -> Scenario 4 | C17: =C8 -> 64316.094 | D17: =C17/$C$14 -> 0.40911456 | E17: =B8 -> Scenario 4 | F17: =D8-I8 -> 405797.79 | G17: =E8 -> 42357.88 | H17: =F8 -> 142672.5 | I17: =C8 -> 64316.094 | J17: =(F17+G17+H17)/$F$14 -> 0.72331435
B18: =B9 -> Scenario 5 | C18: =C9 -> -76363.171 | D18: =C18/$C$14 -> -0.485746 | E18: =B9 -> Scenario 5 | F18: =D9-I9 -> 121956.72 | G18: =E9 -> 183135.54 | H18: =F9 -> 142672.5 | I18: =C9 -> -76363.171 | J18: =(F18+G18+H18)/$F$14 -> 0.54817068 | O18: 676.221 | P18: 2009.296 | R18: 3312.392 | S18: 5565.669 | T18: 6204.392
H20: Scenario
H21: Base case | I21: =(H$4-(H$4-H4))/(H$4) -> 1 | J21: =H$4-H4 -> 0 | K21: =C4 -> 118388.99 | N21: Self-sufficiency | O21: Base Scenario | P21: Scenario 1 | Q21: Scenario 2 | R21: Scenario 3 | S21: Scenario 4 | T21: Scenario 5
H22: Scenario 1 | I22: =(H$4-(H$4-H5))/(H$4) -> 1.0743754 | J22: =H$4-H5 -> -56546.723 | K22: =C5 -> 157208.03 | L22: =(K$21-(K$21-K22))/(K$21) -> 1.327894 | N22: -0.2 | O22: 634 | P22: 0 | Q22: 1759 | R22: 3154 | S22: 5438 | T22: 6129
H23: Scenario 2 | I23: =(H$4-(H$4-H6))/(H$4) -> 0.87065547 | J23: =H$4-H6 -> 98339.073 | K23: =C6 -> 118426.62 | L23: =(K$21-(K$21-K23))/(K$21) -> 1.0003179 | N23: Base | O23: 676 | P23: 0 | Q23: 2009 | R23: 3312 | S23: 5565 | T23: 6204
H24: Scenario 3 | I24: =(H$4-(H$4-H7))/(H$4) -> 0.70996994 | J24: =H$4-H7 -> 220506.33 | K24: =C7 -> -10611.195 | L24: =(K$21-(K$21-K24))/(K$21) -> -0.089629919 | N24: 0.2 | O24: 707 | P24: 0 | Q24: 2204 | R24: 3430 | S24: 5664 | T24: 6261
H25: Scenario 4 | I25: =(H$4-(H$4-H8))/(H$4) -> 0.77711115 | J25: =H$4-H8 -> 169459.68 | K25: =C8 -> 64316.094 | L25: =(K$21-(K$21-K25))/(K$21) -> 0.54326077 | N25: -0.2 | O25: =O22/8760*100 -> 7.2374429 | P25: =P22/8760*100 -> 0 | Q25: =Q22/8760*100 -> 20.079909 | R25: =R22/8760*100 -> 36.004566 | S25: =S22/8760*100 -> 62.077626 | T25: =T22/8760*100 -> 69.965753
H26: Scenario 5 | I26: =(H$4-(H$4-H9))/(H$4) -> 0.5889411 | J26: =H$4-H9 -> 312523.09 | K26: =C9 -> -76363.171 | L26: =(K$21-(K$21-K26))/(K$21) -> -0.6450192 | N26: % base | O26: =O23/8760*100 -> 7.716895 | P26: =P23/8760*100 -> 0 | Q26: =Q23/8760*100 -> 22.93379 | R26: =R23/8760*100 -> 37.808219 | S26: =S23/8760*100 -> 63.527397 | T26: =T23/8760*100 -> 70.821918
N27: 0.2 | O27: =O24/8760*100 -> 8.0707763 | P27: =P24/8760*100 -> 0 | Q27: =Q24/8760*100 -> 25.159817 | R27: =R24/8760*100 -> 39.155251 | S27: =S24/8760*100 -> 64.657534 | T27: =T24/8760*100 -> 71.472603
N28: Diff | O28: =O25-O26 -> -0.47945205 | P28: =P25-P26 -> 0 | Q28: =Q25-Q26 -> -2.8538813 | R28: =R25-R26 -> -1.803653 | S28: =S25-S26 -> -1.4497717 | T28: =T25-T26 -> -0.85616438
I29: Scenario | J29: Solar production | K29: WT production | L29: Self-suffiency | N29: Diff | O29: =O26-O26 -> 0 | P29: =P26-P26 -> 0 | Q29: =Q26-Q26 -> 0 | R29: =R26-R26 -> 0 | S29: =S26-S26 -> 0 | T29: =T26-T26 -> 0
I30: Base case | L30: =D6/D4*L32 -> 0.23260459 | M30: 456745.19 | N30: Diff | O30: =O27-O26 -> 0.35388128 | P30: =P27-P26 -> 0 | Q30: =Q27-Q26 -> 2.2260274 | R30: =R27-R26 -> 1.347032 | S30: =S27-S26 -> 1.130137 | T30: =T27-T26 -> 0.65068493
I31: Scenario 1 | J31: 0 | M31: 456745.19 | N31: Diff | O31: =O22-O23 -> -42 | P31: =P22-P23 -> 0 | Q31: =Q22-Q23 -> -250 | R31: =R22-R23 -> -158 | S31: =S22-S23 -> -127 | T31: =T22-T23 -> -75
I32: Scenario 2 | J32: 123103.19 | L32: =J32/M32 -> 0.26952269 | M32: 456745.19 | N32: Diff | O32: =O23-O23 -> 0 | P32: =P23-P23 -> 0 | Q32: =Q23-Q23 -> 0 | R32: =R23-R23 -> 0 | S32: =S23-S23 -> 0 | T32: =T23-T23 -> 0
I33: Scenario 3 | J33: 532240.26 | L33: =J33/M33 -> 1.1652893 | M33: 456745.19 | N33: Diff | O33: =O24-O23 -> 31 | P33: =P24-P23 -> 0 | Q33: =Q24-Q23 -> 195 | R33: =R24-R23 -> 118 | S33: =S24-S23 -> 99 | T33: =T24-T23 -> 57
I34: Scenario 4 | J34: =J32 -> 123103.19 | K34: =J34*K36 -> 8789.1156 | L34: =(J34+K34)/M34 -> 0.28876562 | M34: 456745.19
I35: Scenario 5 | J35: =J33 -> 532240.26 | K35: =38000 -> 38000 | L35: =(J35+K35)/M35 -> 1.2484866 | M35: 456745.19
K36: =K35/J35 -> 0.071396327
J37: =J35+K35 -> 570240.26
B40: Total cost | C40: For sensitivity
E44: =G47/E47 -> 0.82952962
B45: Base Scenario | C45: Scenario 1 | D45: Scenario 2 | E45: Scenario 3 | F45: Scenario 4 | G45: Scenario 5 | J45: Base Scenario | K45: Scenario 1 | L45: Scenario 2 | M45: Scenario 3 | N45: Scenario 4 | O45: Scenario 5
A46: -0.2 | B46: =D62 -> 772932.15 | C46: =C47 -> 816834.58 | D46: =K77 -> 690905.75 | E46: =K83 -> 592785.56 | F46: =J86 -> 609831.81 | G46: =J95 -> 518216.52 | I46: -0.2 | J46: =Q71 -> 126686.64 | L46: =Q77 -> 126191.78 | M46: =Q83 -> 22955.771 | N46: =N47+(N47-N48) -> 72240.006 | O46: =S95 -> -41638.706
A47: Base | B47: =F13+G13+H13 -> 760287.85 | C47: =F14+G14+H14 -> 816834.58 | D47: =F15+G15+H15 -> 661948.78 | E47: =F16+G16+H16 -> 539781.52 | F47: =F17+G17+H17 -> 590828.17 | G47: =F18+G18+H18 -> 447764.76 | I47: Base | J47: =C4 -> 118388.99 | K47: =C5 -> 157208.03 | L47: =C6 -> 118426.62 | M47: =C7 -> -10611.195 | N47: =C8 -> 64316.094 | O47: =C9 -> -76363.171
A48: 0.2 | B48: =B47-(B46-B47) -> 747643.55 | C48: =C47 -> 816834.58 | D48: =K74 -> 636736.64 | E48: =K80 -> 490105.1 | F48: =O89 -> 586038.9 | G48: =J92 -> 425257.51 | I48: 0.2 | J48: =J47-(J46-J47) -> 110091.34 | L48: =Q74 -> 110661.74 | M48: =Q80 -> -44178.38 | N48: =S89 -> 56392.182 | O48: =S92 -> -110872.67
A49: Diff -20 | B49: =B46-B47 -> 12644.3 | C49: =$B$46-C46 -> -43902.423 | D49: =$B$46-D46 -> 82026.403 | E49: =$B$46-E46 -> 180146.59 | F49: =$B$46-F46 -> 163100.34 | G49: =$B$46-G46 -> 254715.64
A50: Diff base | B50: =$B$47-B47 -> 0 | C50: =$B$47-C47 -> -56546.723 | D50: =$B$47-D47 -> 98339.073 | E50: =$B$47-E47 -> 220506.33 | F50: =$B$47-F47 -> 169459.68 | G50: =$B$47-G47 -> 312523.09
A51: Diff +20 | B51: =B48-B47 -> -12644.3 | C51: =$B$48-C48 -> -69191.023 | D51: =$B$48-D48 -> 110906.92 | E51: =$B$48-E48 -> 257538.45 | F51: =$B$48-F48 -> 161604.65 | G51: =$B$48-G48 -> 322386.05
A52: % | B52: =(B47-B46)/B47 *100 -> -1.6630937 | C52: =(C47-C46)/C47 *100 -> 0 | D52: =(D47-D46)/D47 *100 -> -4.374503 | E52: =(E47-E46)/E47 *100 -> -9.8195355 | F52: =(F47-F46)/F47 *100 -> -3.2164419 | G52: =(G47-G46)/G47 *100 -> -15.7341
A53: % | C53: =C50-C50 -> 0 | D53: =D50-D50 -> 0 | E53: =E50-E50 -> 0 | F53: =F50-F50 -> 0 | G53: =G50-G50 -> 0
A54: % | B54: =(B48-B47)/B47 *100 -> -1.6630937 | C54: =(C48-C47)/C47 *100 -> 0 | D54: =(D48-D47)/D47 *100 -> -3.8087755 | E54: =(E48-E47)/E47 *100 -> -9.2030604 | F54: =(F48-F47)/F47 *100 -> -0.81060197 | G54: =(G48-G47)/G47 *100 -> -5.0265802
A55: DIFF on same scneario | B55: =B46-B47 -> 12644.3 | C55: =C46-C47 -> 0 | D55: =D47-D46 -> -28956.969 | E55: =E47-E46 -> -53004.039 | F55: =F47-F46 -> -19003.645 | G55: =G47-G46 -> -70451.754
A56: DIFF on same scneario
A57: DIFF on same scneario | B57: =B47-B48 -> 12644.3 | C57: =C47-C48 -> 0 | D57: =D47-D48 -> 25212.143 | E57: =E47-E48 -> 49676.419 | F57: =F47-F48 -> 4789.2648 | G57: =G47-G48 -> 22507.255
B58: =B47-D47 -> 98339.073 | E58: =B47-E47 -> 220506.33
B59: =D47/B47 -> 0.87065547 | E59: =E47/B47 -> 0.70996994
A61: Base-20 | B61: Cumulative bill [DKK] | C61: Cumulative PV cost [DKK] | D61: Cumulative total costs [DKK] | G61: Cumulative CO2 emissions [kg]
A62: 8759.004 | B62: 730574.27 | C62: 42357.88 | D62: 772932.15 | F62: 8759.004 | G62: 126152.8
B63: =B46-D46 -> 82026.403 | C63: =B63-B64 -> -16312.669
B64: =B47-D47 -> 98339.073 | C64: =B64-B65 -> -12567.844
B65: =B48-D48 -> 110906.92
A66: Scenario1 +20
C68: =E47*(E52+1) -> -4760622.3
A69: Scenario1 -20
P71: 8859.006 | Q71: 126686.64
A72: Scenario2 +20
B73: Cumulative solar production [kWh] | C73: Cumulative electricity purchased [kWh] | D73: Cumulative electricity consumption [kWh] | E73: Cumulative electricity from grid [kWh] | F73: Cumulative electricity Peer-to-Peer [kWh] | I73: Cumulative bill supplier [DKK] | J73: Cumulative PV cost [DKK] | K73: Cumulative total costs [DKK] | N73: Cumulative revenue [DKK] | Q73: Cumulative CO2 emissions [kg]
A74: 8759.006 | B74: 147695.97 | C74: 307384.01 | D74: 455079.99 | E74: 307496.47 | F74: 19.155209 | H74: 8759.006 | I74: 594378.76 | J74: 42357.88 | K74: 636736.64 | M74: 8759.006 | N74: 82408.203 | P74: 8759.006 | Q74: 110661.74
A75: Scenario2 -20
B76: Cumulative solar production [kWh] | C76: Cumulative electricity purchased [kWh] | D76: Cumulative electricity consumption [kWh] | E76: Cumulative electricity from grid [kWh] | F76: Cumulative electricity Peer-to-Peer [kWh] | I76: Cumulative bill supplier [DKK] | J76: Cumulative PV cost [DKK] | K76: Cumulative total costs [DKK] | N76: Cumulative revenue [DKK] | Q76: Cumulative CO2 emissions [kg]
A77: 8759.006 | B77: 98463.982 | C77: 356616 | D77: 455079.99 | E77: 356734.44 | F77: 55403.952 | H77: 8759.006 | I77: 648547.87 | J77: 42357.88 | K77: 690905.75 | M77: 8759.006 | N77: 54679.593 | P77: 8759.006 | Q77: 126191.78
A78: Scenario3 +20
B79: Cumulative solar production [kWh] | C79: Cumulative electricity purchased [kWh] | D79: Cumulative electricity consumption [kWh] | E79: Cumulative electricity from grid [kWh] | F79: Cumulative electricity Peer-to-Peer [kWh] | I79: Cumulative bill supplier [DKK] | J79: Cumulative PV cost [DKK] | K79: Cumulative total costs [DKK] | N79: Cumulative revenue [DKK] | Q79: Cumulative CO2 emissions [kg]
A80: 8759.006 | B80: 638567.88 | C80: -183487.9 | D80: 455079.99 | E80: -183435.98 | F80: -0.25197543 | H80: 8759.006 | I80: 306969.56 | J80: 183135.54 | K80: 490105.1 | M80: 8759.006 | N80: 183496.52 | P80: 8759.006 | Q80: -44178.38
A81: Scenario3 -20
B82: Cumulative solar production [kWh] | C82: Cumulative electricity purchased [kWh] | D82: Cumulative electricity consumption [kWh] | E82: Cumulative electricity from grid [kWh] | F82: Cumulative electricity Peer-to-Peer [kWh] | I82: Cumulative bill supplier [DKK] | J82: Cumulative PV cost [DKK] | K82: Cumulative total costs [DKK] | N82: Cumulative revenue [DKK] | Q82: Cumulative CO2 emissions [kg]
A83: 8759.006 | B83: 425711.92 | C83: 29368.063 | D83: 455079.99 | E83: 29420.096 | F83: -0.079973719 | H83: 8759.006 | I83: 409650.02 | J83: 183135.54 | K83: 592785.56 | M83: 8759.006 | N83: 113238.99 | P83: 8759.006 | Q83: 22955.771
A84: Scenario4 -20
B85: Hourly solar energy production [kWh] | C85: Hourly electricity purchased [kWh] | D85: Hourly electricity consumption [kWh] | E85: Hourly wind energy production [kWh] | H85: Cumulative bill [DKK] | I85: Cumulative PV cost [DKK] | J85: Cumulative total costs [DKK] | K85: Cumulative wind turbine cost [DKK] | N85: Cumulative revenue wind [DKK] | O85: Cumulative revenue solar [DKK] | P85: Cumulative lost revenue [DKK]
A86: 8759.006 | B86: 0 | C86: 0.5525 | D86: 59.78 | E86: 59.2005 | G86: 8759.006 | H86: 424801.43 | I86: 42357.88 | J86: 609831.81 | K86: 142672.5 | M86: 8759.006 | N86: 6648.6362 | O86: 26281.018 | P86: 39421.528
A87: Scenario4 +20
B88: Hourly solar energy production [kWh] | C88: Hourly electricity purchased [kWh] | D88: Hourly electricity consumption [kWh] | E88: Hourly wind energy production [kWh] | H88: Cumulative revenue wind [DKK] | I88: Cumulative revenue solar [DKK] | J88: Cumulative lost revenue [DKK] | M88: Cumulative bill [DKK] | N88: Cumulative PV cost [DKK] | O88: Cumulative total costs [DKK] | P88: Cumulative wind turbine cost [DKK] | S88: Cumulative CO2 emissions [kg]
A89: 8759.006 | B89: 0 | C89: 0.5525 | D89: 59.78 | E89: 59.2005 | G89: 8759.006 | H89: 6859.7329 | I89: 43256.399 | J89: 64884.598 | L89: 8759.006 | M89: 401008.52 | N89: 42357.88 | O89: 586038.9 | P89: 142672.5 | R89: 8759.006 | S89: 56392.182
A90: Scenario5 +20
B91: Hourly solar energy production [kWh] | C91: Hourly electricity purchased [kWh] | D91: Hourly electricity consumption [kWh] | E91: Hourly wind energy production [kWh] | H91: Cumulative bill [DKK] | I91: Cumulative PV cost [DKK] | J91: Cumulative total costs [DKK] | K91: Cumulative wind turbine cost [DKK] | N91: Cumulative revenue wind [DKK] | O91: Cumulative revenue solar [DKK] | P91: Cumulative lost revenue [DKK] | S91: Cumulative CO2 emissions [kg]
A92: 8759.006 | B92: 0 | C92: 0.5525 | D92: 59.78 | E92: 59.2005 | G92: 8759.006 | H92: 99449.467 | I92: 183135.54 | J92: 425257.51 | K92: 142672.5 | M92: 8759.006 | N92: 24379.603 | O92: 192550.43 | P92: 288825.65 | R92: 8759.006 | S92: -110872.67
A93: Scenario5 -20
B94: Hourly solar energy production [kWh] | C94: Hourly electricity purchased [kWh] | D94: Hourly electricity consumption [kWh] | E94: Hourly wind energy production [kWh] | H94: Cumulative bill [DKK] | I94: Cumulative PV cost [DKK] | J94: Cumulative total costs [DKK] | K94: Cumulative wind turbine cost [DKK] | N94: Cumulative revenue wind [DKK] | O94: Cumulative revenue solar [DKK] | P94: Cumulative lost revenue [DKK] | S94: Cumulative CO2 emissions [kg]
A95: 8759.006 | B95: 0 | C95: 0.5525 | D95: 59.78 | E95: 59.2005 | G95: 8759.006 | H95: 192408.48 | I95: 183135.54 | J95: 518216.52 | K95: 142672.5 | M95: 8759.006 | N95: 21219.09 | O95: 118477.4 | P95: 177716.1 | R95: 8759.006 | S95: -41638.706
B101: Scenario -20% | C101: Base | D101: Scenario +20%
A102: Base | B102: -0.48 | C102: 7.7 | D102: 0.35
A103: Scenario 1 | B103: 0 | C103: 0 | D103: 0
A104: Scenario 2 | B104: -2.85 | C104: 22.9 | D104: 2.23
A105: Scenario 3 | B105: -1.8 | C105: 37.8 | D105: 1.35
A106: Scenario 4 | B106: -1.45 | C106: 63.5 | D106: 1.13
A107: Scenario 5 | B107: -0.86 | C107: 70.8 | D107: 0.65
B109: Scenario -20% | C109: Base | D109: Scenario +20%
A110: Base | B110: =C102+B102 -> 7.22 | C110: =C102 -> 7.7 | D110: =C102+D102 -> 8.05
A111: Scenario 1 | B111: =C103+B103 -> 0 | C111: =C103 -> 0 | D111: =C103+D103 -> 0
A112: Scenario 2 | B112: =C104+B104 -> 20.05 | C112: =C104 -> 22.9 | D112: =C104+D104 -> 25.13
A113: Scenario 3 | B113: =C105+B105 -> 36 | C113: =C105 -> 37.8 | D113: =C105+D105 -> 39.15
A114: Scenario 4 | B114: =C106+B106 -> 62.05 | C114: =C106 -> 63.5 | D114: =C106+D106 -> 64.63
A115: Scenario 5 | B115: =C107+B107 -> 69.94 | C115: =C107 -> 70.8 | D115: =C107+D107 -> 71.45 | G115: =1.67 * 2/3 -> 1.1133333
G116: =4.25 *2/2 -> 4.25 | H116: =G116/G115 -> 3.8173653

Sheet Overview
C1: ✔ | D1: ✔ | E1: ✔ | H1: ✔
C2: Total bill [DKK] | D2: Total PV cost [DKK] | E2: Total wind turbine cost [DKK] | F2: PV production | G2: Wind production | H2: CO2 emissions [kg] | I2: El purchased | J2: El from PtoP | K2: El from grid | L2: El consumption | P2: Base | Q2: Scenario 1 | R2: Scenario 2 | S2: Scenario 3 | T2: Scenario 4 | U2: Scenario 5
B3: Base case | C3: ='Basecase updated1'!O102 -> 717929.97 | D3: ='Basecase updated1'!P102 -> 42357.88 | H3: ='Basecase updated1'!W102 -> 118388.99 | O3: Own PV | Q3: 0 | R3: =C13 -> 56009.818 | S3: =D13 -> 450541.97
B4: Scenario 1 | C4: ='Scenario 1 Updated'!Q103 -> 816834.58 | H4: ='Scenario 1 Updated'!V103 -> 157208.03 | O4: Peer-to-peer | Q4: 0 | R4: =C14 -> 66955.008 | S4: =D14 -> 4538.017
B5: Scenario 2 | C5: 619590.9 | D5: 42357.88 | F5: ='Scenario 2 Updated'!D103 -> 123079.98 | H5: 118426.62 | J5: 66955.008 | K5: 332115.16 | L5: 455079.99 | O5: Grid | Q5: =L6 -> 455079.99 | R5: =C15 -> 332115.16 | S5: =D15 -> -77007.711
B6: Scenario 3 | C6: 356645.98 | D6: 183135.54 | F6: 532139.9 | H6: -10611.195 | I6: -77059.918 | J6: 4538.017 | K6: -77007.711 | L6: 455079.99
B7: Scenario 4 | C7: 412566.66 | D7: 42357.88 | E7: 142672.5 | G7: 230112.92 | H7: 64316.094 | P7: Statistics on 137 agents:
B8: Scenario 5 | C8: 144949.78 | D8: 183135.54 | E8: 142672.5 | G8: 230112.92 | H8: -76363.171 | P8: communityTotalBillPeerToPeer: 4,206.19
P9: communityHourlyCO2: 24.473
J10: =J5+K5 -> 399070.17 | L10: =J6/L6 -> 0.0099719107 | P10: communityTotalCO2: -10,137.416
P11: communityTotalSolarCost: 183,637.281
C12: Scenario 2 | D12: Scenario 3 | P12: communityTotalElFromSupplier: -75,442.681
B13: Own PV | C13: =L5-K5-J5 -> 56009.818 | D13: =L6-J6 -> 450541.97 | E13: =D13+D14-D15 -> 532087.7 | F13: Solar (27 households with PV) | G13: =F5 -> 123079.98 | P13: communityTotalElPurchased: -75,495.078
B14: Peer-to-peer | C14: =J5 -> 66955.008 | D14: =J6 -> 4538.017 | F14: Solar (137 households with PV) | G14: =F6 -> 532139.9 | J14: =F5+K5 -> 455195.14 | P14: communityHourlyElPurchased: 63.17
B15: Grid | C15: =K5 -> 332115.16 | D15: =K6 -> -77007.711 | F15: Wind | G15: =G7 -> 230112.92 | P15: communityHourlyElConsumption: 63.17
P16: communityTotalElConsumption: 456,745.186
P17: communityHourlySolarProduction: 0
P18: communityTotalBillSupplier: 358,415.213
P19: communityHourlyElFromPeerToPeer: 0
P20: communityTotalSolarProduction: 532,240.264
P21: communityTotalRevenue: 147,869.802
P22: communityHourlyElFromSupplier: 63.17
P23: communityTotalElFromPeerToPeer: 4,538.24
H35: 102 kW | J35: 441 kW | L35: 90 kW

Sheet Old Calculations
B3: Scenario | C3: CO2 emissions [kg] | D3: Bill from supplier [DKK] | E3: Cost of PV | F3: Cost of wind turbine | G3: Cost of PV and wind turbine [DKK] | H3: Total costs [DKK] | I3: Revenue from wind [DKK] | J3: Total revenue [DKK] | K3: Revenue - costs [DKK] | L3: Electricity consumed [kWh] | M3: Electricity produced by PV [kWh] | N3: Electricity produced by wind turbine [kWh] | O3: Electricity bought from grid [kWh] | P3: Electricity bought from peer-to-peer [kWh] | Q3: Electricity sold to grid [kWh]
B4: Base case | C4: ='Base case'!M102 -> 118882.61 | D4: ='Base case'!G102 -> 719792.62 | E4: ='Base case'!H102 -> 42473.929 | F4: 0 | G4: ='Base case'!H102 -> 42473.929 | H4: =D4+G4 -> 762266.55 | J4: ='Base case'!C104 -> 32044.59 | L4: 456745.19
B5: Scenario 1 | C5: ='Scenario 1'!M102 -> 157707.63 | D5: ='Scenario 1'!H102 -> 818723.99 | E5: ='Scenario 1'!I102 -> 0 | F5: 0 | G5: 0 | H5: =D5+G5 -> 818723.99 | J5: =0 -> 0 | L5: 456745.19 | M5: 123103.19
B6: Scenario 2 | C6: ='Scenario 2'!W102 -> 118920.28 | D6: ='Scenario 2'!O102 -> 621452.62 | E6: ='Scenario 2'!P102 -> 42473.929 | F6: 0 | G6: ='Scenario 2'!P102 -> 42473.929 | H6: =D6+G6 -> 663926.55 | J6: ='Scenario 2'!T102 -> 68988.081 | L6: 456745.19 | M6: 123103.19 | O6: 333757.34 | P6: 66955.897
B7: Scenario 3 | C7: ='Scenario 3'!$X$102 -> -10137.416 | D7: ='Scenario 3'!O102 -> 358415.21 | E7: ='Scenario 3'!P102 -> 183637.28 | F7: 0 | G7: ='Scenario 3'!P102 -> 183637.28 | H7: =D7+G7 -> 542052.49 | J7: ='Scenario 3'!T102 -> 147869.8 | L7: 456745.19 | M7: 532240.26 | O7: -75442.681
B8: Scenario 4 | C8: ='Scenario 4'!$R$102 -> 64552.081 | D8: ='Scenario 4'!$L$102 -> 413532.49 | E8: ='Scenario 4'!$M$102 -> 42473.929 | F8: ='Scenario 4'!$O$102 -> 143063.38 | G8: ='Scenario 4'!$M$102+'Scenario 4'!$O$102 -> 185537.31 | H8: =D8+G8 -> 599069.81 | I8: ='Scenario 4'!$G$102 -> 6789.1656 | J8: ='Scenario 4'!$G$102+'Scenario 4'!$H$102 -> 41452.912 | L8: 456745.19 | M8: 123103.19
B9: Scenario 5 | C9: ='Scenario 5'!$V$102 -> -76149.035 | D9: ='Scenario 5'!$N$102 -> 145823.48 | E9: ='Scenario 5'!$O$102 -> 183637.28 | F9: ='Scenario 5'!$Q$102 -> 143063.38 | G9: ='Scenario 5'!$O$102+'Scenario 5'!$Q$102 -> 326700.66 | H9: =D9+G9 -> 472524.15 | I9: ='Scenario 5'!$H$102 -> 23013.351 | J9: ='Scenario 5'!$H$102+'Scenario 5'!$I$102 -> 178226.54 | L9: 456745.19 | M9: 532240.26
B11: =27/137 -> 0.19708029
B12: =B3 -> Scenario | C12: =C3 -> CO2 emissions [kg] | E12: =B3 -> Scenario | F12: Bill from supplier | G12: =E3 -> Cost of PV | H12: =F3 -> Cost of wind turbine | I12: CO2 emissions [kg]
B13: =B4 -> Base case | C13: =C4 -> 118882.61 | D13: =C13/$C$14 -> 0.75381647 | E13: =B4 -> Base case | F13: =D4-I4 -> 719792.62 | G13: =E4 -> 42473.929 | H13: =F4 -> 0 | I13: 118882.61 | J13: =(F13+G13+H13)/$F$14 -> 0.93104216
B14: =B5 -> Scenario 1 | C14: =C5 -> 157707.63 | D14: =C14/$C$14 -> 1 | E14: =B5 -> Scenario 1 | F14: =D5-I5 -> 818723.99 | G14: =E5 -> 0 | H14: =F5 -> 0 | I14: 157707.63 | J14: =(F14+G14+H14)/$F$14 -> 1
B15: =B6 -> Scenario 2 | C15: =C6 -> 118920.28 | D15: =C15/$C$14 -> 0.75405533 | E15: =B6 -> Scenario 2 | F15: =D6-I6 -> 621452.62 | G15: =E6 -> 42473.929 | H15: =F6 -> 0 | I15: 118920.28 | J15: =(F15+G15+H15)/$F$14 -> 0.81092842
B16: =B7 -> Scenario 3 | C16: =C7 -> -10137.416 | D16: =C16/$C$14 -> -0.064279807 | E16: =B7 -> Scenario 3 | F16: =D7-I7 -> 358415.21 | G16: =E7 -> 183637.28 | H16: =F7 -> 0 | I16: -10137.416 | J16: =(F16+G16+H16)/$F$14 -> 0.66206988
B17: =B8 -> Scenario 4 | C17: =C8 -> 64552.081 | D17: =C17/$C$14 -> 0.40931489 | E17: =B8 -> Scenario 4 | F17: =D8-I8 -> 406743.33 | G17: =E8 -> 42473.929 | H17: =F8 -> 143063.38 | I17: 64552.081 | J17: =(F17+G17+H17)/$F$14 -> 0.72341918
B18: =B9 -> Scenario 5 | C18: =C9 -> -76149.035 | D18: =C18/$C$14 -> -0.4828494 | E18: =B9 -> Scenario 5 | F18: =D9-I9 -> 122810.13 | G18: =E9 -> 183637.28 | H18: =F9 -> 143063.38 | I18: -76149.035 | J18: =(F18+G18+H18)/$F$14 -> 0.54903826 | O18: 676.221 | P18: 2009.296 | R18: 3312.392 | S18: 5565.669 | T18: 6204.392
H20: Scenario
H21: Base case | I21: =(H$4-(H$4-H4))/(H$4) -> 1 | J21: =H$4-H4 -> 0 | K21: =C4 -> 118882.61 | N21: Self-suff | O21: Base Scenario | P21: Scenario 1 | Q21: Scenario 2 | R21: Scenario 3 | S21: Scenario 4 | T21: Scenario 5
H22: Scenario 1 | I22: =(H$4-(H$4-H5))/(H$4) -> 1.0740652 | J22: =H$4-H5 -> -56457.442 | K22: =C5 -> 157707.63 | L22: =(K$21-(K$21-K22))/(K$21) -> 1.3265829 | N22: -0.2 | O22: 634 | P22: 0 | Q22: 1759 | R22: 3154 | S22: 5438 | T22: 6129
H23: Scenario 2 | I23: =(H$4-(H$4-H6))/(H$4) -> 0.87099001 | J23: =H$4-H6 -> 98340 | K23: =C6 -> 118920.28 | L23: =(K$21-(K$21-K23))/(K$21) -> 1.0003169 | N23: Base | O23: 676 | P23: 0 | Q23: 2009 | R23: 3312 | S23: 5565 | T23: 6204
H24: Scenario 3 | I24: =(H$4-(H$4-H7))/(H$4) -> 0.71110623 | J24: =H$4-H7 -> 220214.06 | K24: =C7 -> -10137.416 | L24: =(K$21-(K$21-K24))/(K$21) -> -0.08527249 | N24: 0.2 | O24: 707 | P24: 0 | Q24: 2204 | R24: 3430 | S24: 5664 | T24: 6261
H25: Scenario 4 | I25: =(H$4-(H$4-H8))/(H$4) -> 0.78590594 | J25: =H$4-H8 -> 163196.74 | K25: =C8 -> 64552.081 | L25: =(K$21-(K$21-K25))/(K$21) -> 0.54299011 | N25: -0.2 | O25: =O22/8760*100 -> 7.2374429 | P25: =P22/8760*100 -> 0 | Q25: =Q22/8760*100 -> 20.079909 | R25: =R22/8760*100 -> 36.004566 | S25: =S22/8760*100 -> 62.077626 | T25: =T22/8760*100 -> 69.965753
H26: Scenario 5 | I26: =(H$4-(H$4-H9))/(H$4) -> 0.61989359 | J26: =H$4-H9 -> 289742.4 | K26: =C9 -> -76149.035 | L26: =(K$21-(K$21-K26))/(K$21) -> -0.64053974 | N26: % base | O26: =O23/8760*100 -> 7.716895 | P26: =P23/8760*100 -> 0 | Q26: =Q23/8760*100 -> 22.93379 | R26: =R23/8760*100 -> 37.808219 | S26: =S23/8760*100 -> 63.527397 | T26: =T23/8760*100 -> 70.821918
N27: 0.2 | O27: =O24/8760*100 -> 8.0707763 | P27: =P24/8760*100 -> 0 | Q27: =Q24/8760*100 -> 25.159817 | R27: =R24/8760*100 -> 39.155251 | S27: =S24/8760*100 -> 64.657534 | T27: =T24/8760*100 -> 71.472603
N28: Diff | O28: =O25-O26 -> -0.47945205 | P28: =P25-P26 -> 0 | Q28: =Q25-Q26 -> -2.8538813 | R28: =R25-R26 -> -1.803653 | S28: =S25-S26 -> -1.4497717 | T28: =T25-T26 -> -0.85616438
I29: Scenario | J29: Solar production | K29: WT production | L29: Self-suffiency | N29: Diff | O29: =O26-O26 -> 0 | P29: =P26-P26 -> 0 | Q29: =Q26-Q26 -> 0 | R29: =R26-R26 -> 0 | S29: =S26-S26 -> 0 | T29: =T26-T26 -> 0
I30: Base case | L30: =D6/D4*L32 -> 0.23269977 | M30: 456745.19 | N30: Diff | O30: =O27-O26 -> 0.35388128 | P30: =P27-P26 -> 0 | Q30: =Q27-Q26 -> 2.2260274 | R30: =R27-R26 -> 1.347032 | S30: =S27-S26 -> 1.130137 | T30: =T27-T26 -> 0.65068493
I31: Scenario 1 | J31: 0 | M31: 456745.19 | N31: Diff | O31: =O22-O23 -> -42 | P31: =P22-P23 -> 0 | Q31: =Q22-Q23 -> -250 | R31: =R22-R23 -> -158 | S31: =S22-S23 -> -127 | T31: =T22-T23 -> -75
I32: Scenario 2 | J32: 123103.19 | L32: =J32/M32 -> 0.26952269 | M32: 456745.19 | N32: Diff | O32: =O23-O23 -> 0 | P32: =P23-P23 -> 0 | Q32: =Q23-Q23 -> 0 | R32: =R23-R23 -> 0 | S32: =S23-S23 -> 0 | T32: =T23-T23 -> 0
I33: Scenario 3 | J33: 532240.26 | L33: =J33/M33 -> 1.1652893 | M33: 456745.19 | N33: Diff | O33: =O24-O23 -> 31 | P33: =P24-P23 -> 0 | Q33: =Q24-Q23 -> 195 | R33: =R24-R23 -> 118 | S33: =S24-S23 -> 99 | T33: =T24-T23 -> 57
I34: Scenario 4 | J34: =J32 -> 123103.19 | K34: =J34*K36 -> 8789.1156 | L34: =(J34+K34)/M34 -> 0.28876562 | M34: 456745.19
I35: Scenario 5 | J35: =J33 -> 532240.26 | K35: =38000 -> 38000 | L35: =(J35+K35)/M35 -> 1.2484866 | M35: 456745.19
K36: =K35/J35 -> 0.071396327
J37: =J35+K35 -> 570240.26
B40: Total cost | C40: For sensitivity
B45: Base Scenario | C45: Scenario 1 | D45: Scenario 2 | E45: Scenario 3 | F45: Scenario 4 | G45: Scenario 5 | J45: Base Scenario | K45: Scenario 1 | L45: Scenario 2 | M45: Scenario 3 | N45: Scenario 4 | O45: Scenario 5
A46: -0.2 | B46: =D62 -> 772932.15 | C46: =C47 -> 818723.99 | D46: =K77 -> 690905.75 | E46: =K83 -> 592785.56 | F46: =J86 -> 609831.81 | G46: =J95 -> 518216.52 | I46: -0.2 | J46: =Q71 -> 126686.64 | L46: =Q77 -> 126191.78 | M46: =Q83 -> 22955.771 | N46: =N47+(N47-N48) -> 72711.98 | O46: =S95 -> -41638.706
A47: Base | B47: =F13+G13+H13 -> 762266.55 | C47: =F14+G14+H14 -> 818723.99 | D47: =F15+G15+H15 -> 663926.55 | E47: =F16+G16+H16 -> 542052.49 | F47: =F17+G17+H17 -> 592280.64 | G47: =F18+G18+H18 -> 449510.8 | I47: Base | J47: =C4 -> 118882.61 | K47: =C5 -> 157707.63 | L47: =C6 -> 118920.28 | M47: =C7 -> -10137.416 | N47: =C8 -> 64552.081 | O47: =C9 -> -76149.035
A48: 0.2 | B48: =B47-(B46-B47) -> 751600.95 | C48: =C47 -> 818723.99 | D48: =K74 -> 636736.64 | E48: =K80 -> 490105.1 | F48: =O89 -> 586038.9 | G48: =J92 -> 425257.51 | I48: 0.2 | J48: =J47-(J46-J47) -> 111078.58 | L48: =Q74 -> 110661.74 | M48: =Q80 -> -44178.38 | N48: =S89 -> 56392.182 | O48: =S92 -> -110872.67
A49: Diff -20 | B49: =B46-B47 -> 10665.603 | C49: =$B$46-C46 -> -45791.839 | D49: =$B$46-D46 -> 82026.403 | E49: =$B$46-E46 -> 180146.59 | F49: =$B$46-F46 -> 163100.34 | G49: =$B$46-G46 -> 254715.64
A50: Diff base | B50: =$B$47-B47 -> 0 | C50: =$B$47-C47 -> -56457.442 | D50: =$B$47-D47 -> 98340 | E50: =$B$47-E47 -> 220214.06 | F50: =$B$47-F47 -> 169985.91 | G50: =$B$47-G47 -> 312755.75
A51: Diff +20 | B51: =B48-B47 -> -10665.603 | C51: =$B$48-C48 -> -67123.045 | D51: =$B$48-D48 -> 114864.31 | E51: =$B$48-E48 -> 261495.84 | F51: =$B$48-F48 -> 165562.04 | G51: =$B$48-G48 -> 326343.44
A52: % | B52: =B47/B46 -> 0.98620111 | C52: =C47/C46 -> 1 | D52: =D47/D46 -> 0.96095097 | E52: =E47/E46 -> 0.91441582 | F52: =F47/F46 -> 0.97121965 | G52: =G47/G46 -> 0.8674189
A53: % | C53: =C50-C50 -> 0 | D53: =D50-D50 -> 0 | E53: =E50-E50 -> 0 | F53: =F50-F50 -> 0 | G53: =G50-G50 -> 0
A54: % | B54: =B47/B48 -> 1.0141905 | C54: =C47/C48 -> 1 | D54: =D47/D48 -> 1.042702 | E54: =E47/E48 -> 1.1059923 | F54: =F47/F48 -> 1.0106507 | G54: =G47/G48 -> 1.057032
A55: DIFF on same scneario | B55: =B46-B47 -> 10665.603 | C55: =C46-C47 -> 0 | D55: =D47-D46 -> -26979.2 | E55: =E47-E46 -> -50733.069 | F55: =F47-F46 -> -17551.172 | G55: =G47-G46 -> -68705.717
A56: DIFF on same scneario
A57: DIFF on same scneario | B57: =B47-B48 -> 10665.603 | C57: =C47-C48 -> 0 | D57: =D47-D48 -> 27189.912 | E57: =E47-E48 -> 51947.389 | F57: =F47-F48 -> 6241.7374 | G57: =G47-G48 -> 24253.291
D58: =1-D52 -> 0.039049032
D59: =D47-D57 -> 636736.64
A61: Base-20 | B61: Cumulative bill [DKK] | C61: Cumulative PV cost [DKK] | D61: Cumulative total costs [DKK] | G61: Cumulative CO2 emissions [kg]
A62: 8759.004 | B62: 730574.27 | C62: 42357.88 | D62: 772932.15 | F62: 8759.004 | G62: 126152.8
B63: =B46-D46 -> 82026.403 | C63: =B63-B64 -> -16313.597
B64: =B47-D47 -> 98340 | C64: =B64-B65 -> -16524.309
B65: =B48-D48 -> 114864.31
A66: Scenario1 +20
A69: Scenario1 -20
P71: 8859.006 | Q71: 126686.64
A72: Scenario2 +20
B73: Cumulative solar production [kWh] | C73: Cumulative electricity purchased [kWh] | D73: Cumulative electricity consumption [kWh] | E73: Cumulative electricity from grid [kWh] | F73: Cumulative electricity Peer-to-Peer [kWh] | I73: Cumulative bill supplier [DKK] | J73: Cumulative PV cost [DKK] | K73: Cumulative total costs [DKK] | N73: Cumulative revenue [DKK] | Q73: Cumulative CO2 emissions [kg]
A74: 8759.006 | B74: 147695.97 | C74: 307384.01 | D74: 455079.99 | E74: 307496.47 | F74: 19.155209 | H74: 8759.006 | I74: 594378.76 | J74: 42357.88 | K74: 636736.64 | M74: 8759.006 | N74: 82408.203 | P74: 8759.006 | Q74: 110661.74
A75: Scenario2 -20
B76: Cumulative solar production [kWh] | C76: Cumulative electricity purchased [kWh] | D76: Cumulative electricity consumption [kWh] | E76: Cumulative electricity from grid [kWh] | F76: Cumulative electricity Peer-to-Peer [kWh] | I76: Cumulative bill supplier [DKK] | J76: Cumulative PV cost [DKK] | K76: Cumulative total costs [DKK] | N76: Cumulative revenue [DKK] | Q76: Cumulative CO2 emissions [kg]
A77: 8759.006 | B77: 98463.982 | C77: 356616 | D77: 455079.99 | E77: 356734.44 | F77: 55403.952 | H77: 8759.006 | I77: 648547.87 | J77: 42357.88 | K77: 690905.75 | M77: 8759.006 | N77: 54679.593 | P77: 8759.006 | Q77: 126191.78
A78: Scenario3 +20
B79: Cumulative solar production [kWh] | C79: Cumulative electricity purchased [kWh] | D79: Cumulative electricity consumption [kWh] | E79: Cumulative electricity from grid [kWh] | F79: Cumulative electricity Peer-to-Peer [kWh] | I79: Cumulative bill supplier [DKK] | J79: Cumulative PV cost [DKK] | K79: Cumulative total costs [DKK] | N79: Cumulative revenue [DKK] | Q79: Cumulative CO2 emissions [kg]
A80: 8759.006 | B80: 638567.88 | C80: -183487.9 | D80: 455079.99 | E80: -183435.98 | F80: -0.25197543 | H80: 8759.006 | I80: 306969.56 | J80: 183135.54 | K80: 490105.1 | M80: 8759.006 | N80: 183496.52 | P80: 8759.006 | Q80: -44178.38
A81: Scenario3 -20
B82: Cumulative solar production [kWh] | C82: Cumulative electricity purchased [kWh] | D82: Cumulative electricity consumption [kWh] | E82: Cumulative electricity from grid [kWh] | F82: Cumulative electricity Peer-to-Peer [kWh] | I82: Cumulative bill supplier [DKK] | J82: Cumulative PV cost [DKK] | K82: Cumulative total costs [DKK] | N82: Cumulative revenue [DKK] | Q82: Cumulative CO2 emissions [kg]
A83: 8759.006 | B83: 425711.92 | C83: 29368.063 | D83: 455079.99 | E83: 29420.096 | F83: -0.079973719 | H83: 8759.006 | I83: 409650.02 | J83: 183135.54 | K83: 592785.56 | M83: 8759.006 | N83: 113238.99 | P83: 8759.006 | Q83: 22955.771
A84: Scenario4 -20
B85: Hourly solar energy production [kWh] | C85: Hourly electricity purchased [kWh] | D85: Hourly electricity consumption [kWh] | E85: Hourly wind energy production [kWh] | H85: Cumulative bill [DKK] | I85: Cumulative PV cost [DKK] | J85: Cumulative total costs [DKK] | K85: Cumulative wind turbine cost [DKK] | N85: Cumulative revenue wind [DKK] | O85: Cumulative revenue solar [DKK] | P85: Cumulative lost revenue [DKK]
A86: 8759.006 | B86: 0 | C86: 0.5525 | D86: 59.78 | E86: 59.2005 | G86: 8759.006 | H86: 424801.43 | I86: 42357.88 | J86: 609831.81 | K86: 142672.5 | M86: 8759.006 | N86: 6648.6362 | O86: 26281.018 | P86: 39421.528
A87: Scenario4 +20
B88: Hourly solar energy production [kWh] | C88: Hourly electricity purchased [kWh] | D88: Hourly electricity consumption [kWh] | E88: Hourly wind energy production [kWh] | H88: Cumulative revenue wind [DKK] | I88: Cumulative revenue solar [DKK] | J88: Cumulative lost revenue [DKK] | M88: Cumulative bill [DKK] | N88: Cumulative PV cost [DKK] | O88: Cumulative total costs [DKK] | P88: Cumulative wind turbine cost [DKK] | S88: Cumulative CO2 emissions [kg]
A89: 8759.006 | B89: 0 | C89: 0.5525 | D89: 59.78 | E89: 59.2005 | G89: 8759.006 | H89: 6859.7329 | I89: 43256.399 | J89: 64884.598 | L89: 8759.006 | M89: 401008.52 | N89: 42357.88 | O89: 586038.9 | P89: 142672.5 | R89: 8759.006 | S89: 56392.182
A90: Scenario5 +20
B91: Hourly solar energy production [kWh] | C91: Hourly electricity purchased [kWh] | D91: Hourly electricity consumption [kWh] | E91: Hourly wind energy production [kWh] | H91: Cumulative bill [DKK] | I91: Cumulative PV cost [DKK] | J91: Cumulative total costs [DKK] | K91: Cumulative wind turbine cost [DKK] | N91: Cumulative revenue wind [DKK] | O91: Cumulative revenue solar [DKK] | P91: Cumulative lost revenue [DKK] | S91: Cumulative CO2 emissions [kg]
A92: 8759.006 | B92: 0 | C92: 0.5525 | D92: 59.78 | E92: 59.2005 | G92: 8759.006 | H92: 99449.467 | I92: 183135.54 | J92: 425257.51 | K92: 142672.5 | M92: 8759.006 | N92: 24379.603 | O92: 192550.43 | P92: 288825.65 | R92: 8759.006 | S92: -110872.67
A93: Scenario5 -20
B94: Hourly solar energy production [kWh] | C94: Hourly electricity purchased [kWh] | D94: Hourly electricity consumption [kWh] | E94: Hourly wind energy production [kWh] | H94: Cumulative bill [DKK] | I94: Cumulative PV cost [DKK] | J94: Cumulative total costs [DKK] | K94: Cumulative wind turbine cost [DKK] | N94: Cumulative revenue wind [DKK] | O94: Cumulative revenue solar [DKK] | P94: Cumulative lost revenue [DKK] | S94: Cumulative CO2 emissions [kg]
A95: 8759.006 | B95: 0 | C95: 0.5525 | D95: 59.78 | E95: 59.2005 | G95: 8759.006 | H95: 192408.48 | I95: 183135.54 | J95: 518216.52 | K95: 142672.5 | M95: 8759.006 | N95: 21219.09 | O95: 118477.4 | P95: 177716.1 | R95: 8759.006 | S95: -41638.706

Sheet Base case
C2: Cumulative lost revenue [DKK] | G2: Cumulative bill [DKK] | H2: Cumulative PV cost [DKK] | I2: Cumulative total costs [DKK] | M2: Cumulative CO2 emissions [kg] | O2: Statistics on 137 agents: | AA2: totalBill | AB2: lostRevenue | AC2: totalCO2 | AD2: totalCostPV | AE2: totalElConsumption
B3: 8684.004 | C3: 48056.249 | F3: 8684.004 | G3: 712409.84 | H3: 41995.227 | I3: 754405.07 | L3: 8684.004 | M3: 117183.98 | O3: communityTotalBill: 719,792.62 | Z3: Consumer 1 | AA3: 6016.743 | AB3: 3220.966 | AC3: -139.823 | AD3: 2914.877 | AE3: 7324.43
B4: 8685.004 | C4: 48056.249 | F4: 8685.004 | G4: 712491.5 | H4: 42000.062 | I4: 754491.56 | L4: 8685.004 | M4: 117197.64 | O4: communityTotalCO2: 118,882.608 | Z4: Consumer 2 | AA4: 2814.307 | AB4: 1359.271 | AC4: -2.326 | AD4: 1249.233 | AE4: 3219.89
B5: 8686.004 | C5: 48056.249 | F5: 8686.004 | G5: 712558.37 | H5: 42004.898 | I5: 754563.27 | L5: 8686.004 | M5: 117209.18 | O5: communityHourlyCO2: 24.473 | Z5: Consumer 3 | AA5: 4044.091 | AB5: 1886.331 | AC5: 32.271 | AD5: 1665.644
B6: 8687.004 | C6: 48056.249 | F6: 8687.004 | G6: 712611.1 | H6: 42009.733 | I6: 754620.83 | L6: 8687.004 | M6: 117221.36 | O6: communityTotalSolarCost: 42,473.929 | Z6: Consumer 4
B7: 8688.004 | C7: 48056.249 | F7: 8688.004 | G7: 712659.57 | H7: 42014.568 | I7: 754674.14 | L7: 8688.004 | M7: 117234.53 | O7: communityHourlySolarProduction: 0 | Z7: Consumer 5
B8: 8689.004 | C8: 48056.249 | F8: 8689.004 | G8: 712701.84 | H8: 42019.404 | I8: 754721.25 | L8: 8689.004 | M8: 117246.48 | O8: communityHourlyElPurchased: 63.17 | Z8: Consumer 6
B9: 8690.004 | C9: 48056.249 | F9: 8690.004 | G9: 712740.15 | H9: 42024.239 | I9: 754764.39 | L9: 8690.004 | M9: 117257.46 | O9: communityHourlyElConsumption: 63.17 | Z9: Consumer 7
B10: 8691.004 | C10: 48056.249 | F10: 8691.004 | G10: 712777.23 | H10: 42029.075 | I10: 754806.3 | L10: 8691.004 | M10: 117269.61 | O10: communityTotalLostRevenue: 48,066.885 | Z10: Consumer 8
B11: 8692.004 | C11: 48056.249 | F11: 8692.004 | G11: 712814.24 | H11: 42033.91 | I11: 754848.15 | L11: 8692.004 | M11: 117282.64 | O11: communityTotalElConsumption: 456,745.186 | Z11: Consumer 9
B12: 8693.004 | C12: 48056.249 | F12: 8693.004 | G12: 712856.31 | H12: 42038.745 | I12: 754895.05 | L12: 8693.004 | M12: 117297.14 | O12: Objects: | Z12: Consumer 10
B13: 8694.004 | C13: 48056.249 | F13: 8694.004 | G13: 712913.45 | H13: 42043.581 | I13: 754957.03 | L13: 8694.004 | M13: 117318.63 | O13: 0: root.community.consumers[0] | Z13: Consumer 11
B14: 8695.004 | C14: 48056.249 | F14: 8695.004 | G14: 712985.62 | H14: 42048.416 | I14: 755034.04 | L14: 8695.004 | M14: 117347.63 | O14: 1: root.community.consumers[1] | Z14: Consumer 12
B15: 8696.004 | C15: 48056.249 | F15: 8696.004 | G15: 713069.23 | H15: 42053.251 | I15: 755122.48 | L15: 8696.004 | M15: 117380.97 | O15: 2: root.community.consumers[2] | Z15: Consumer 13
B16: 8697.004 | C16: 48056.302 | F16: 8697.004 | G16: 713176.75 | H16: 42058.087 | I16: 755234.83 | L16: 8697.004 | M16: 117420.63 | O16: 3: root.community.consumers[3] | Z16: Consumer 14
B17: 8698.004 | C17: 48058.197 | F17: 8698.004 | G17: 713283.17 | H17: 42062.922 | I17: 755346.09 | L17: 8698.004 | M17: 117456.66 | O17: 4: root.community.consumers[4] | Z17: Consumer 15
... B23: 8704.004 | C23: 48066.205 | F23: 8704.004 | G23: 713821.05 | H23: 42091.934 | I23: 755912.98 | L23: 8704.004 | M23: 117624.67 | O23: ... | Z23: Consumer 21
B24: 8705.004 | C24: 48066.205 | F24: 8705.004 | G24: 713975.41 | H24: 42096.77 | I24: 756072.18 | L24: 8705.004 | M24: 117659.95 | Z24: Consumer 22
B25: 8706.004 | C25: 48066.205 | F25: 8706.004 | G25: 714134.17 | H25: 42101.605 | I25: 756235.78 | L25: 8706.004 | M25: 117690.96 | Z25: Consumer 23
B26: 8707.004 | C26: 48066.205 | F26: 8707.004 | G26: 714252.01 | H26: 42106.441 | I26: 756358.45 | L26: 8707.004 | M26: 117712.65 | Z26: Consumer 24
B27: 8708.004 | C27: 48066.205 | F27: 8708.004 | G27: 714338.03 | H27: 42111.276 | I27: 756449.3 | L27: 8708.004 | M27: 117729.61 | Z27: Consumer 25
B28: 8709.004 | C28: 48066.205 | F28: 8709.004 | G28: 714407.05 | H28: 42116.111 | I28: 756523.16 | L28: 8709.004 | M28: 117743.02 | Z28: Consumer 26
B29: 8710.004 | C29: 48066.205 | F29: 8710.004 | G29: 714468.45 | H29: 42120.947 | I29: 756589.4 | L29: 8710.004 | M29: 117754.29 | Z29: Consumer 27
B30: 8711.004 | C30: 48066.205 | F30: 8711.004 | G30: 714517.18 | H30: 42125.782 | I30: 756642.96 | L30: 8711.004 | M30: 117763.22 | Z30: Consumer 28
B31: 8712.004 | C31: 48066.205 | F31: 8712.004 | G31: 714563.88 | H31: 42130.617 | I31: 756694.49 | L31: 8712.004 | M31: 117769.99 | Z31: Consumer 29
B32: 8713.004 | C32: 48066.205 | F32: 8713.004 | G32: 714601.58 | H32: 42135.453 | I32: 756737.03 | L32: 8713.004 | M32: 117774.95 | Z32: Consumer 30
B33: 8714.004 | C33: 48066.205 | F33: 8714.004 | G33: 714637.61 | H33: 42140.288 | I33: 756777.9 | L33: 8714.004 | M33: 117779.91 | Z33: Consumer 31
B34: 8715.004 | C34: 48066.205 | F34: 8715.004 | G34: 714670.41 | H34: 42145.124 | I34: 756815.53 | L34: 8715.004 | M34: 117785.05 | Z34: Consumer 32
B35: 8716.004 | C35: 48066.205 | F35: 8716.004 | G35: 714702.88 | H35: 42149.959 | I35: 756852.84 | L35: 8716.004 | M35: 117789.45 | Z35: Consumer 33
... B102: 8783.004 | C102: 48066.885 | F102: 8783.004 | G102: 719792.62 | H102: 42473.929 | I102: 762266.55 | L102: 8783.004 | M102: 118882.61 | Z102: Consumer 100
Z103: Consumer 101
C104: =C102/3*2 -> 32044.59 | Z104: Consumer 102
Z105: Consumer 103
Z106: Consumer 104
Z107: Consumer 105
Z108: Consumer 106
Z109: Consumer 107
Z110: Consumer 108
Z111: Consumer 109
Z112: Consumer 110
Z113: Consumer 111
Z114: Consumer 112
Z115: Consumer 113
Z116: Consumer 114
... Z139: Consumer 137

Sheet Base -20%
A2: ="-20% solar production" -> -20% solar production | H2: Cumulative bill [DKK] | I2: Cumulative PV cost [DKK] | J2: Cumulative total costs [DKK] | M2: Cumulative CO2 emissions [kg]
G3: 8702.004 | H3: 726237.25 | I3: 42082.264 | J3: 768319.51 | L3: 8702.004 | M3: 125330.46
G4: 8703.004 | H4: 726330.16 | I4: 42087.099 | J4: 768417.26 | L4: 8703.004 | M4: 125356.81
D5: =H3/812443.718019131 -> 0.89389238 | G5: 8704.004 | H5: 726452.42 | I5: 42091.935 | J5: 768544.36 | L5: 8704.004 | M5: 125386.18
G6: 8705.004 | H6: 726606.78 | I6: 42096.77 | J6: 768703.56 | L6: 8705.004 | M6: 125421.46
G7: 8706.004 | H7: 726765.55 | I7: 42101.605 | J7: 768867.15 | L7: 8706.004 | M7: 125452.47
G8: 8707.004 | H8: 726883.38 | I8: 42106.441 | J8: 768989.82 | L8: 8707.004 | M8: 125474.16
G9: 8708.004 | H9: 726969.4 | I9: 42111.276 | J9: 769080.68 | L9: 8708.004 | M9: 125491.12
G10: 8709.004 | H10: 727038.43 | I10: 42116.112 | J10: 769154.54 | L10: 8709.004 | M10: 125504.53
G11: 8710.004 | H11: 727099.83 | I11: 42120.947 | J11: 769220.78 | L11: 8710.004 | M11: 125515.8
G12: 8711.004 | H12: 727148.56 | I12: 42125.782 | J12: 769274.34 | L12: 8711.004 | M12: 125524.73
G13: 8712.004 | H13: 727195.25 | I13: 42130.618 | J13: 769325.87 | L13: 8712.004 | M13: 125531.5
G14: 8713.004 | H14: 727232.96 | I14: 42135.453 | J14: 769368.41 | L14: 8713.004 | M14: 125536.47
G15: 8714.004 | H15: 727268.99 | I15: 42140.288 | J15: 769409.28 | L15: 8714.004 | M15: 125541.43
G16: 8715.004 | H16: 727301.79 | I16: 42145.124 | J16: 769446.91 | L16: 8715.004 | M16: 125546.56
G17: 8716.004 | H17: 727334.26 | I17: 42149.959 | J17: 769484.22 | L17: 8716.004 | M17: 125550.96
... G102: 8801.004 | H102: 733619.55 | I102: 42560.966 | J102: 776180.51 | L102: 8801.004 | M102: 126647.61

Sheet Scenario 1
B2: Statistics on 137 agents: | H2: Cumulative bill [DKK] | I2: Cumulative PV cost [DKK] | J2: Cumulative total costs [DKK] | M2: Cumulative CO2 emissions [kg]
B3: communityHourlySolarProduction: 0 | G3: 8684.004 | H3: 811165.15 | I3: 0 | J3: 811165.15 | L3: 8684.004 | M3: 155950.3
B4: communityHourlyElConsumption: 63.17 | G4: 8685.004 | H4: 811246.8 | I4: 0 | J4: 811246.8 | L4: 8685.004 | M4: 155963.97
B5: communityTotalSolarCost: 0 | G5: 8686.004 | H5: 811313.67 | I5: 0 | J5: 811313.67 | L5: 8686.004 | M5: 155975.51
B6: communityHourlyElPurchased: 63.17 | G6: 8687.004 | H6: 811366.4 | I6: 0 | J6: 811366.4 | L6: 8687.004 | M6: 155987.68
B7: communityTotalLostRevenue: 0 | G7: 8688.004 | H7: 811414.87 | I7: 0 | J7: 811414.87 | L7: 8688.004 | M7: 156000.86
B8: communityTotalElConsumption: 456,745.186 | G8: 8689.004 | H8: 811457.14 | I8: 0 | J8: 811457.14 | L8: 8689.004 | M8: 156012.81
B9: communityHourlyCO2: 24.473 | G9: 8690.004 | H9: 811495.45 | I9: 0 | J9: 811495.45 | L9: 8690.004 | M9: 156023.79
B10: communityTotalBill: 818,723.991 | G10: 8691.004 | H10: 811532.53 | I10: 0 | J10: 811532.53 | L10: 8691.004 | M10: 156035.94
B11: communityTotalCO2: 157,707.63 | G11: 8692.004 | H11: 811569.54 | I11: 0 | J11: 811569.54 | L11: 8692.004 | M11: 156048.97
B12: Objects: | G12: 8693.004 | H12: 811611.61 | I12: 0 | J12: 811611.61 | L12: 8693.004 | M12: 156063.47
B13: 0: root.community.consumers[0] | G13: 8694.004 | H13: 811668.75 | I13: 0 | J13: 811668.75 | L13: 8694.004 | M13: 156084.96
B14: 1: root.community.consumers[1] | G14: 8695.004 | H14: 811740.92 | I14: 0 | J14: 811740.92 | L14: 8695.004 | M14: 156113.96
... B23: ... | G23: 8704.004 | H23: 812659.43 | I23: 0 | J23: 812659.43 | L23: 8704.004 | M23: 156432.22
G24: 8705.004 | H24: 812813.79 | I24: 0 | J24: 812813.79 | L24: 8705.004 | M24: 156467.51
G25: 8706.004 | H25: 812972.56 | I25: 0 | J25: 812972.56 | L25: 8706.004 | M25: 156498.52
G26: 8707.004 | H26: 813090.39 | I26: 0 | J26: 813090.39 | L26: 8707.004 | M26: 156520.21
G27: 8708.004 | H27: 813176.41 | I27: 0 | J27: 813176.41 | L27: 8708.004 | M27: 156537.17
G28: 8709.004 | H28: 813245.44 | I28: 0 | J28: 813245.44 | L28: 8709.004 | M28: 156550.57
G29: 8710.004 | H29: 813306.84 | I29: 0 | J29: 813306.84 | L29: 8710.004 | M29: 156561.85
G30: 8711.004 | H30: 813355.57 | I30: 0 | J30: 813355.57 | L30: 8711.004 | M30: 156570.78
G31: 8712.004 | H31: 813402.26 | I31: 0 | J31: 813402.26 | L31: 8712.004 | M31: 156577.54
G32: 8713.004 | H32: 813439.96 | I32: 0 | J32: 813439.96 | L32: 8713.004 | M32: 156582.51
G33: 8714.004 | H33: 813475.99 | I33: 0 | J33: 813475.99 | L33: 8714.004 | M33: 156587.47
G34: 8715.004 | H34: 813508.79 | I34: 0 | J34: 813508.79 | L34: 8715.004 | M34: 156592.6
G35: 8716.004 | H35: 813541.27 | I35: 0 | J35: 813541.27 | L35: 8716.004 | M35: 156597.01
... G102: 8783.004 | H102: 818723.99 | I102: 0 | J102: 818723.99 | L102: 8783.004 | M102: 157707.63

Sheet Scenario 1 +20%

Sheet Scenario 2
B2: Statistics on 137 agents: | H2: Cumulative solar production [kWh] | I2: Cumulative electricity purchased [kWh] | J2: Cumulative electricity consumption [kWh] | K2: Cumulative electricity from grid [kWh] | L2: Cumulative electricity Peer-to-Peer [kWh] | O2: Cumulative bill supplier [DKK] | P2: Cumulative PV cost [DKK] | Q2: Cumulative total costs [DKK] | T2: Cumulative revenue [DKK] | W2: Cumulative CO2 emissions [kg]
B3: communityTotalElConsumption: 456,745.186 | G3: 8684.006 | H3: 122954.13 | I3: 327432.32 | J3: 450386.45 | K3: 327547.09 | L3: 66935.474 | N3: 8684.006 | O3: 614097.67 | P3: 41995.227 | Q3: 656092.9 | S3: 8684.006 | T3: 68970.356 | V3: 8684.006 | W3: 117221.54
B4: communityTotalSolarCost: 42,473.929 | G4: 8685.006 | H4: 122954.13 | I4: 327507.91 | J4: 450462.04 | K4: 327622.68 | L4: 66935.474 | N4: 8685.006 | O4: 614179.32 | P4: 42000.062 | Q4: 656179.38 | S4: 8685.006 | T4: 68970.356 | V4: 8685.006 | W4: 117235.2
B5: communityTotalRevenue: 68,988.081 | G5: 8686.006 | H5: 122954.13 | I5: 327571.94 | J5: 450526.07 | K5: 327686.71 | L5: 66935.474 | N5: 8686.006 | O5: 614246.2 | P5: 42004.898 | Q5: 656251.09 | S5: 8686.006 | T5: 68970.356 | V5: 8686.006 | W5: 117246.74
B6: communityTotalBillSupplier: 621,452.62 | G6: 8687.006 | H6: 122954.13 | I6: 327623.12 | J6: 450577.25 | K6: 327738.08 | L6: 66935.474 | N6: 8687.006 | O6: 614299.12 | P6: 42009.733 | Q6: 656308.85 | S6: 8687.006 | T6: 68970.356 | V6: 8687.006 | W6: 117258.96
B7: communityTotalElFromSupplier: 333,757.338 | G7: 8688.006 | H7: 122954.13 | I7: 327665.26 | J7: 450619.39 | K7: 327780.22 | L7: 66935.474 | N7: 8688.006 | O7: 614347.59 | P7: 42014.568 | Q7: 656362.16 | S7: 8688.006 | T7: 68970.356 | V7: 8688.006 | W7: 117272.14
B8: communityTotalElFromPeerToPeer: 66,955.897 | G8: 8689.006 | H8: 122954.13 | I8: 327702.03 | J8: 450656.16 | K8: 327816.99 | L8: 66935.474 | N8: 8689.006 | O8: 614389.86 | P8: 42019.404 | Q8: 656409.27 | S8: 8689.006 | T8: 68970.356 | V8: 8689.006 | W8: 117284.09
B9: communityHourlyElFromSupplier: 63.17 | G9: 8690.006 | H9: 122954.13 | I9: 327735.18 | J9: 450689.31 | K9: 327850.14 | L9: 66935.474 | N9: 8690.006 | O9: 614428.17 | P9: 42024.239 | Q9: 656452.41 | S9: 8690.006 | T9: 68970.356 | V9: 8690.006 | W9: 117295.07
B10: communityHourlyElPurchased: 63.17 | G10: 8691.006 | H10: 122954.13 | I10: 327766.98 | J10: 450721.11 | K10: 327881.94 | L10: 66935.474 | N10: 8691.006 | O10: 614465.25 | P10: 42029.075 | Q10: 656494.32 | S10: 8691.006 | T10: 68970.356 | V10: 8691.006 | W10: 117307.22
B11: communityTotalSolarProduction: 123,103.19 | G11: 8692.006 | H11: 122954.13 | I11: 327796.92 | J11: 450751.05 | K11: 327911.88 | L11: 66935.474 | N11: 8692.006 | O11: 614502.26 | P11: 42033.91 | Q11: 656536.17 | S11: 8692.006 | T11: 68970.356 | V11: 8692.006 | W11: 117320.24
B12: communityHourlyElFromPeerToPeer: 0 | G12: 8693.006 | H12: 122954.13 | I12: 327828.78 | J12: 450782.91 | K12: 327943.74 | L12: 66935.474 | N12: 8693.006 | O12: 614544.33 | P12: 42038.745 | Q12: 656583.07 | S12: 8693.006 | T12: 68970.356 | V12: 8693.006 | W12: 117334.75
B13: communityTotalElPurchased: 333,641.996 | G13: 8694.006 | H13: 122954.13 | I13: 327870.66 | J13: 450824.79 | K13: 327985.62 | L13: 66935.474 | N13: 8694.006 | O13: 614601.47 | P13: 42043.581 | Q13: 656645.05 | S13: 8694.006 | T13: 68970.356 | V13: 8694.006 | W13: 117356.23
B14: communityHourlyElConsumption: 63.17 | G14: 8695.006 | H14: 122954.13 | I14: 327919.3 | J14: 450873.43 | K14: 328034.26 | L14: 66935.474 | N14: 8695.006 | O14: 614673.64 | P14: 42048.416 | Q14: 656722.06 | S14: 8695.006 | T14: 68970.356 | V14: 8695.006 | W14: 117385.24
... B30: ... | G30: 8711.006 | H30: 123023.25 | I30: 329050.43 | J30: 452073.68 | K30: 329165.39 | L30: 66954.355 | N30: 8711.006 | O30: 616178.65 | P30: 42125.782 | Q30: 658304.44 | S30: 8711.006 | T30: 68986.948 | V30: 8711.006 | W30: 117800.83
G31: 8712.006 | H31: 123023.25 | I31: 329093.51 | J31: 452116.76 | K31: 329208.47 | L31: 66954.355 | N31: 8712.006 | O31: 616225.35 | P31: 42130.617 | Q31: 658355.97 | S31: 8712.006 | T31: 68986.948 | V31: 8712.006 | W31: 117807.59
G32: 8713.006 | H32: 123023.25 | I32: 329128.68 | J32: 452151.93 | K32: 329243.64 | L32: 66954.355 | N32: 8713.006 | O32: 616263.05 | P32: 42135.453 | Q32: 658398.51 | S32: 8713.006 | T32: 68986.948 | V32: 8713.006 | W32: 117812.56
G33: 8714.006 | H33: 123023.25 | I33: 329162.55 | J33: 452185.8 | K33: 329277.51 | L33: 66954.355 | N33: 8714.006 | O33: 616299.08 | P33: 42140.288 | Q33: 658439.37 | S33: 8714.006 | T33: 68986.948 | V33: 8714.006 | W33: 117817.52
G34: 8715.006 | H34: 123023.25 | I34: 329194.18 | J34: 452217.43 | K34: 329309.14 | L34: 66954.355 | N34: 8715.006 | O34: 616331.88 | P34: 42145.124 | Q34: 658477.01 | S34: 8715.006 | T34: 68986.948 | V34: 8715.006 | W34: 117822.65
G35: 8716.006 | H35: 123023.25 | I35: 329225.23 | J35: 452248.48 | K35: 329340.19 | L35: 66954.355 | N35: 8716.006 | O35: 616364.36 | P35: 42149.959 | Q35: 658514.32 | S35: 8716.006 | T35: 68986.948 | V35: 8716.006 | W35: 117827.06
G36: 8717.006 | H36: 123023.25 | I36: 329258.74 | J36: 452281.99 | K36: 329373.75 | L36: 66954.355 | N36: 8717.006 | O36: 616400.18 | P36: 42154.794 | Q36: 658554.98 | S36: 8717.006 | T36: 68986.948 | V36: 8717.006 | W36: 117831.61
G37: 8718.006 | H37: 123023.25 | I37: 329299.76 | J37: 452323.01 | K37: 329414.77 | L37: 66954.355 | N37: 8718.006 | O37: 616444.43 | P37: 42159.63 | Q37: 658604.06 | S37: 8718.006 | T37: 68986.948 | V37: 8718.006 | W37: 117837.76
G38: 8719.006 | H38: 123023.25 | I38: 329347.1 | J38: 452370.35 | K38: 329462.19 | L38: 66954.355 | N38: 8719.006 | O38: 616495.51 | P38: 42164.465 | Q38: 658659.98 | S38: 8719.006 | T38: 68986.948 | V38: 8719.006 | W38: 117846.46
G39: 8720.006 | H39: 123023.25 | I39: 329408.2 | J39: 452431.46 | K39: 329523.3 | L39: 66954.355 | N39: 8720.006 | O39: 616561.7 | P39: 42169.3 | Q39: 658731 | S39: 8720.006 | T39: 68986.948 | V39: 8720.006 | W39: 117859.3
G40: 8721.006 | H40: 123023.88 | I40: 329474.48 | J40: 452498.36 | K40: 329589.57 | L40: 66954.355 | N40: 8721.006 | O40: 616634.08 | P40: 42174.136 | Q40: 658808.22 | S40: 8721.006 | T40: 68986.948 | V40: 8721.006 | W40: 117873.13
G41: 8722.006 | H41: 123026.32 | I41: 329535.24 | J41: 452561.57 | K41: 329650.33 | L41: 66954.373 | N41: 8722.006 | O41: 616700.45 | P41: 42178.971 | Q41: 658879.42 | S41: 8722.006 | T41: 68986.96 | V41: 8722.006 | W41: 117885.54
G42: 8723.006 | H42: 123030.3 | I42: 329595.43 | J42: 452625.73 | K42: 329710.52 | L42: 66954.431 | N42: 8723.006 | O42: 616766.22 | P42: 42183.807 | Q42: 658950.03 | S42: 8723.006 | T42: 68986.998 | V42: 8723.006 | W42: 117898.12
... G102: 8783.006 | H102: 123103.19 | I102: 333642 | J102: 456745.19 | K102: 333757.34 | L102: 66955.897 | N102: 8783.006 | O102: 621452.62 | P102: 42473.929 | Q102: 663926.55 | S102: 8783.006 | T102: 68988.081 | V102: 8783.006 | W102: 118920.28

Sheet Scenario 2 -20%
H2: Cumulative solar production [kWh] | I2: Cumulative electricity purchased [kWh] | J2: Cumulative electricity consumption [kWh] | K2: Cumulative electricity from grid [kWh] | L2: Cumulative electricity Peer-to-Peer [kWh] | O2: Cumulative bill supplier [DKK] | P2: Cumulative PV cost [DKK] | Q2: Cumulative total costs [DKK] | T2: Cumulative revenue [DKK] | W2: Cumulative CO2 emissions [kg]
G3: 8660.006 | H3: 98341.485 | I3: 350487.93 | J3: 448829.42 | K3: 350605.94 | L3: 55391.725 | N3: 8660.006 | O3: 641725.06 | P3: 41879.178 | Q3: 683604.24 | S3: 8660.006 | T3: 54668.867 | V3: 8660.006 | W3: 124713.9
G4: 8661.006 | H4: 98341.485 | I4: 350568 | J4: 448909.49 | K4: 350686.01 | L4: 55391.725 | N4: 8661.006 | O4: 641801.04 | P4: 41884.013 | Q4: 683685.05 | S4: 8661.006 | T4: 54668.867 | V4: 8661.006 | W4: 124734.33
G5: 8662.006 | H5: 98341.485 | I5: 350633.28 | J5: 448974.77 | K5: 350751.29 | L5: 55391.725 | N5: 8662.006 | O5: 641856.22 | P5: 41888.849 | Q5: 683745.07 | S5: 8662.006 | T5: 54668.867 | V5: 8662.006 | W5: 124749.69
G6: 8663.006 | H6: 98341.485 | I6: 350689.24 | J6: 449030.73 | K6: 350807.25 | L6: 55391.725 | N6: 8663.006 | O6: 641900.34 | P6: 41893.684 | Q6: 683794.03 | S6: 8663.006 | T6: 54668.867 | V6: 8663.006 | W6: 124758.99
G7: 8664.006 | H7: 98341.485 | I7: 350739.54 | J7: 449081.03 | K7: 350857.55 | L7: 55391.725 | N7: 8664.006 | O7: 641940.12 | P7: 41898.519 | Q7: 683838.64 | S7: 8664.006 | T7: 54668.867 | V7: 8664.006 | W7: 124766.87
G8: 8665.006 | H8: 98341.485 | I8: 350776.54 | J8: 449118.03 | K8: 350894.55 | L8: 55391.725 | N8: 8665.006 | O8: 641963.99 | P8: 41903.355 | Q8: 683867.35 | S8: 8665.006 | T8: 54668.867 | V8: 8665.006 | W8: 124772.06
G9: 8666.006 | H9: 98341.485 | I9: 350808.65 | J9: 449150.14 | K9: 350926.66 | L9: 55391.725 | N9: 8666.006 | O9: 641981.46 | P9: 41908.19 | Q9: 683889.65 | S9: 8666.006 | T9: 54668.867 | V9: 8666.006 | W9: 124775.8
G10: 8667.006 | H10: 98341.485 | I10: 350838.37 | J10: 449179.86 | K10: 350956.38 | L10: 55391.725 | N10: 8667.006 | O10: 641995.4 | P10: 41913.026 | Q10: 683908.43 | S10: 8667.006 | T10: 54668.867 | V10: 8667.006 | W10: 124778.88
G11: 8668.006 | H11: 98341.485 | I11: 350867.25 | J11: 449208.74 | K11: 350985.31 | L11: 55391.725 | N11: 8668.006 | O11: 642002.87 | P11: 41917.861 | Q11: 683920.73 | S11: 8668.006 | T11: 54668.867 | V11: 8668.006 | W11: 124781.9
G12: 8669.006 | H12: 98341.485 | I12: 350896.37 | J12: 449237.86 | K12: 351014.43 | L12: 55391.725 | N12: 8669.006 | O12: 642003.11 | P12: 41922.696 | Q12: 683925.8 | S12: 8669.006 | T12: 54668.867 | V12: 8669.006 | W12: 124784.88
G13: 8670.006 | H13: 98341.485 | I13: 350930.63 | J13: 449272.12 | K13: 351048.69 | L13: 55391.725 | N13: 8670.006 | O13: 642003.21 | P13: 41927.532 | Q13: 683930.74 | S13: 8670.006 | T13: 54668.867 | V13: 8670.006 | W13: 124788.54
G14: 8671.006 | H14: 98341.485 | I14: 350972.13 | J14: 449313.62 | K14: 351090.19 | L14: 55391.725 | N14: 8671.006 | O14: 642003.55 | P14: 41932.367 | Q14: 683935.92 | S14: 8671.006 | T14: 54668.867 | V14: 8671.006 | W14: 124793.11
... G102: 8759.006 | H102: 98463.982 | I102: 356616 | J102: 455079.99 | K102: 356734.44 | L102: 55403.952 | N102: 8759.006 | O102: 648547.87 | P102: 42357.88 | Q102: 690905.75 | S102: 8759.006 | T102: 54679.593 | V102: 8759.006 | W102: 126191.78

Sheet Scenario 2 +20%
H3: Cumulative solar production [kWh] | I3: Cumulative electricity purchased [kWh] | J3: Cumulative electricity consumption [kWh] | K3: Cumulative electricity from grid [kWh] | L3: Cumulative electricity Peer-to-Peer [kWh] | O3: Cumulative bill supplier [DKK] | P3: Cumulative PV cost [DKK] | Q3: Cumulative total costs [DKK] | T3: Cumulative revenue [DKK] | W3: Cumulative CO2 emissions [kg]
G4: 8660.006 | H4: 147512.23 | I4: 301317.19 | J4: 448829.42 | K4: 301429.21 | L4: 19.155198 | N4: 8660.006 | O4: 587635.21 | P4: 41879.178 | Q4: 629514.39 | S4: 8660.006 | T4: 82382.919 | V4: 8660.006 | W4: 109207.04
G5: 8661.006 | H5: 147512.23 | I5: 301397.26 | J5: 448909.49 | K5: 301509.28 | L5: 19.155198 | N5: 8661.006 | O5: 587711.19 | P5: 41884.013 | Q5: 629595.2 | S5: 8661.006 | T5: 82382.919 | V5: 8661.006 | W5: 109227.47
G6: 8662.006 | H6: 147512.23 | I6: 301462.54 | J6: 448974.77 | K6: 301574.56 | L6: 19.155198 | N6: 8662.006 | O6: 587766.36 | P6: 41888.849 | Q6: 629655.21 | S6: 8662.006 | T6: 82382.919 | V6: 8662.006 | W6: 109242.84
G7: 8663.006 | H7: 147512.23 | I7: 301518.5 | J7: 449030.73 | K7: 301630.52 | L7: 19.155198 | N7: 8663.006 | O7: 587810.49 | P7: 41893.684 | Q7: 629704.17 | S7: 8663.006 | T7: 82382.919 | V7: 8663.006 | W7: 109252.13
G8: 8664.006 | H8: 147512.23 | I8: 301568.8 | J8: 449081.03 | K8: 301680.82 | L8: 19.155198 | N8: 8664.006 | O8: 587850.26 | P8: 41898.519 | Q8: 629748.78 | S8: 8664.006 | T8: 82382.919 | V8: 8664.006 | W8: 109260.02
G9: 8665.006 | H9: 147512.23 | I9: 301605.8 | J9: 449118.03 | K9: 301717.82 | L9: 19.155198 | N9: 8665.006 | O9: 587874.14 | P9: 41903.355 | Q9: 629777.5 | S9: 8665.006 | T9: 82382.919 | V9: 8665.006 | W9: 109265.21
G10: 8666.006 | H10: 147512.23 | I10: 301637.91 | J10: 449150.14 | K10: 301749.93 | L10: 19.155198 | N10: 8666.006 | O10: 587891.6 | P10: 41908.19 | Q10: 629799.79 | S10: 8666.006 | T10: 82382.919 | V10: 8666.006 | W10: 109268.95
G11: 8667.006 | H11: 147512.23 | I11: 301667.63 | J11: 449179.86 | K11: 301779.65 | L11: 19.155198 | N11: 8667.006 | O11: 587905.55 | P11: 41913.026 | Q11: 629818.57 | S11: 8667.006 | T11: 82382.919 | V11: 8667.006 | W11: 109272.03
G12: 8668.006 | H12: 147512.23 | I12: 301696.51 | J12: 449208.74 | K12: 301808.58 | L12: 19.155198 | N12: 8668.006 | O12: 587913.02 | P12: 41917.861 | Q12: 629830.88 | S12: 8668.006 | T12: 82382.919 | V12: 8668.006 | W12: 109275.05
G13: 8669.006 | H13: 147512.23 | I13: 301725.63 | J13: 449237.86 | K13: 301837.7 | L13: 19.155198 | N13: 8669.006 | O13: 587913.25 | P13: 41922.696 | Q13: 629835.95 | S13: 8669.006 | T13: 82382.919 | V13: 8669.006 | W13: 109278.03
G14: 8670.006 | H14: 147512.23 | I14: 301759.89 | J14: 449272.12 | K14: 301871.96 | L14: 19.155198 | N14: 8670.006 | O14: 587913.36 | P14: 41927.532 | Q14: 629840.89 | S14: 8670.006 | T14: 82382.919 | V14: 8670.006 | W14: 109281.68
G15: 8671.006 | H15: 147512.23 | I15: 301801.39 | J15: 449313.62 | K15: 301913.46 | L15: 19.155198 | N15: 8671.006 | O15: 587913.7 | P15: 41932.367 | Q15: 629846.06 | S15: 8671.006 | T15: 82382.919 | V15: 8671.006 | W15: 109286.26
... G103: 8759.006 | H103: 147695.97 | I103: 307384.01 | J103: 455079.99 | K103: 307496.47 | L103: 19.155209 | N103: 8759.006 | O103: 594378.76 | P103: 42357.88 | Q103: 636736.64 | S103: 8759.006 | T103: 82408.203 | V103: 8759.006 | W103: 110661.74

Sheet Scenario 3
H2: Cumulative solar production [kWh] | I2: Cumulative electricity purchased [kWh] | J2: Cumulative electricity consumption [kWh] | K2: Cumulative electricity from grid [kWh] | L2: Cumulative electricity Peer-to-Peer [kWh] | O2: Cumulative bill supplier [DKK] | P2: Cumulative PV cost [DKK] | Q2: Cumulative total costs [DKK] | T2: Cumulative revenue [DKK] | X2: Cumulative CO2 emissions [kg]
G3: 8684.006 | H3: 531595.79 | I3: -81209.349 | J3: 450386.45 | K3: -81157.492 | L3: 4527.1776 | N3: 8684.006 | O3: 351713.44 | P3: 181567.6 | Q3: 533281.04 | S3: 8684.006 | T3: 147807.13 | W3: 8684.006 | X3: -11641.075
G4: 8685.006 | H4: 531595.79 | I4: -81133.759 | J4: 450462.04 | K4: -81081.902 | L4: 4527.1776 | N4: 8685.006 | O4: 351795.09 | P4: 181588.5 | Q4: 533383.6 | S4: 8685.006 | T4: 147807.13 | W4: 8685.006 | X4: -11627.408
G5: 8686.006 | H5: 531595.79 | I5: -81069.729 | J5: 450526.07 | K5: -81017.872 | L5: 4527.1776 | N5: 8686.006 | O5: 351861.97 | P5: 181609.41 | Q5: 533471.38 | S5: 8686.006 | T5: 147807.13 | W5: 8686.006 | X5: -11615.868
G6: 8687.006 | H6: 531595.79 | I6: -81018.549 | J6: 450577.25 | K6: -80966.502 | L6: 4527.1776 | N6: 8687.006 | O6: 351914.89 | P6: 181630.32 | Q6: 533545.21 | S6: 8687.006 | T6: 147807.13 | W6: 8687.006 | X6: -11603.651
G7: 8688.006 | H7: 531595.79 | I7: -80976.409 | J7: 450619.39 | K7: -80924.362 | L7: 4527.1776 | N7: 8688.006 | O7: 351963.36 | P7: 181651.22 | Q7: 533614.59 | S7: 8688.006 | T7: 147807.13 | W7: 8688.006 | X7: -11590.474
G8: 8689.006 | H8: 531595.79 | I8: -80939.639 | J8: 450656.16 | K8: -80887.592 | L8: 4527.1776 | N8: 8689.006 | O8: 352005.63 | P8: 181672.13 | Q8: 533677.76 | S8: 8689.006 | T8: 147807.13 | W8: 8689.006 | X8: -11578.527
G9: 8690.006 | H9: 531595.79 | I9: -80906.489 | J9: 450689.31 | K9: -80854.442 | L9: 4527.1776 | N9: 8690.006 | O9: 352043.94 | P9: 181693.03 | Q9: 533736.98 | S9: 8690.006 | T9: 147807.13 | W9: 8690.006 | X9: -11567.545
G10: 8691.006 | H10: 531595.79 | I10: -80874.689 | J10: 450721.11 | K10: -80822.642 | L10: 4527.1776 | N10: 8691.006 | O10: 352081.02 | P10: 181713.94 | Q10: 533794.96 | S10: 8691.006 | T10: 147807.13 | W10: 8691.006 | X10: -11555.393
G11: 8692.006 | H11: 531595.79 | I11: -80844.749 | J11: 450751.05 | K11: -80792.702 | L11: 4527.1776 | N11: 8692.006 | O11: 352118.03 | P11: 181734.85 | Q11: 533852.88 | S11: 8692.006 | T11: 147807.13 | W11: 8692.006 | X11: -11542.367
G12: 8693.006 | H12: 531595.79 | I12: -80812.889 | J12: 450782.91 | K12: -80760.842 | L12: 4527.1776 | N12: 8693.006 | O12: 352160.1 | P12: 181755.75 | Q12: 533915.85 | S12: 8693.006 | T12: 147807.13 | W12: 8693.006 | X12: -11527.864
G13: 8694.006 | H13: 531595.79 | I13: -80771.009 | J13: 450824.79 | K13: -80718.962 | L13: 4527.1776 | N13: 8694.006 | O13: 352217.24 | P13: 181776.66 | Q13: 533993.9 | S13: 8694.006 | T13: 147807.13 | W13: 8694.006 | X13: -11506.378
G14: 8695.006 | H14: 531595.79 | I14: -80722.369 | J14: 450873.43 | K14: -80670.322 | L14: 4527.1776 | N14: 8695.006 | O14: 352289.41 | P14: 181797.56 | Q14: 534086.98 | S14: 8695.006 | T14: 147807.13 | W14: 8695.006 | X14: -11477.376
... G18: 8699.006 | H18: 531742.52 | I18: -80612.642 | J18: 451129.88 | K18: -80560.595 | L18: 4533.7526 | N18: 8699.006 | O18: 352485 | P18: 181881.19 | Q18: 534366.19 | S18: 8699.006 | T18: 147840.3 | W18: 8699.006 | X18: -11406.802
B19: Objects: | G19: 8700.006 | H19: 531817.33 | I19: -80626.546 | J19: 451190.79 | K19: -80574.499 | L19: 4535.7416 | N19: 8700.006 | O19: 352480.75 | P19: 181902.09 | Q19: 534382.84 | S19: 8700.006 | T19: 147855.09 | W19: 8700.006 | X19: -11415.122
B20: 0: root.community.consumers[0] | G20: 8701.006 | H20: 531869.78 | I20: -80618.497 | J20: 451251.29 | K20: -80566.45 | L20: 4537.9216 | N20: 8701.006 | O20: 352492.58 | P20: 181923 | Q20: 534415.58 | S20: 8701.006 | T20: 147864.93 | W20: 8701.006 | X20: -11410.759
B21: 1: root.community.consumers[1] | G21: 8702.006 | H21: 531892.54 | I21: -80579.744 | J21: 451312.8 | K21: -80527.697 | L21: 4538.2016 | N21: 8702.006 | O21: 352547.42 | P21: 181943.9 | Q21: 534491.33 | S21: 8702.006 | T21: 147865.5 | W21: 8702.006 | X21: -11392.414
B22: 2: root.community.consumers[2] | G22: 8703.006 | H22: 531894.61 | I22: -80515.188 | J22: 451379.43 | K22: -80463.141 | L22: 4538.2016 | N22: 8703.006 | O22: 352637.96 | P22: 181964.81 | Q22: 534602.77 | S22: 8703.006 | T22: 147865.5 | W22: 8703.006 | X22: -11366.736
B23: 3: root.community.consumers[3] | G23: 8704.006 | H23: 531894.62 | I23: -80429.966 | J23: 451464.66 | K23: -80377.919 | L23: 4538.2016 | N23: 8704.006 | O23: 352760.22 | P23: 181985.72 | Q23: 534745.94 | S23: 8704.006 | T23: 147865.5 | W23: 8704.006 | X23: -11337.372
B24: 4: root.community.consumers[4] | G24: 8705.006 | H24: 531894.62 | I24: -80319.256 | J24: 451575.37 | K24: -80267.209 | L24: 4538.2016 | N24: 8705.006 | O24: 352914.58 | P24: 182006.62 | Q24: 534921.2 | S24: 8705.006 | T24: 147865.5 | W24: 8705.006 | X24: -11302.085
B25: 5: root.community.consumers[5] | G25: 8706.006 | H25: 531894.62 | I25: -80201.416 | J25: 451693.21 | K25: -80149.369 | L25: 4538.2016 | N25: 8706.006 | O25: 353073.34 | P25: 182027.53 | Q25: 535100.87 | S25: 8706.006 | T25: 147865.5 | W25: 8706.006 | X25: -11271.078
B26: 6: root.community.consumers[6] | G26: 8707.006 | H26: 531894.62 | I26: -80105.336 | J26: 451789.29 | K26: -80053.289 | L26: 4538.2016 | N26: 8707.006 | O26: 353191.18 | P26: 182048.43 | Q26: 535239.61 | S26: 8707.006 | T26: 147865.5 | W26: 8707.006 | X26: -11249.385
B27: 7: root.community.consumers[7] | G27: 8708.006 | H27: 531894.62 | I27: -80016.086 | J27: 451878.54 | K27: -79964.039 | L27: 4538.2016 | N27: 8708.006 | O27: 353277.2 | P27: 182069.34 | Q27: 535346.54 | S27: 8708.006 | T27: 147865.5 | W27: 8708.006 | X27: -11232.426
B28: 8: root.community.consumers[8] | G28: 8709.006 | H28: 531894.62 | I28: -79943.116 | J28: 451951.51 | K28: -79891.069 | L28: 4538.2016 | N28: 8709.006 | O28: 353346.22 | P28: 182090.25 | Q28: 535436.47 | S28: 8709.006 | T28: 147865.5 | W28: 8709.006 | X28: -11219.02
B29: 9: root.community.consumers[9] | G29: 8710.006 | H29: 531894.62 | I29: -79876.256 | J29: 452018.37 | K29: -79824.209 | L29: 4538.2016 | N29: 8710.006 | O29: 353407.62 | P29: 182111.15 | Q29: 535518.77 | S29: 8710.006 | T29: 147865.5 | W29: 8710.006 | X29: -11207.747
B30: ... | G30: 8711.006 | H30: 531894.62 | I30: -79820.946 | J30: 452073.68 | K30: -79768.899 | L30: 4538.2016 | N30: 8711.006 | O30: 353456.35 | P30: 182132.06 | Q30: 535588.41 | S30: 8711.006 | T30: 147865.5 | W30: 8711.006 | X30: -11198.815
G31: 8712.006 | H31: 531894.62 | I31: -79777.866 | J31: 452116.76 | K31: -79725.819 | L31: 4538.2016 | N31: 8712.006 | O31: 353503.05 | P31: 182152.96 | Q31: 535656.01 | S31: 8712.006 | T31: 147865.5 | W31: 8712.006 | X31: -11192.051
G32: 8713.006 | H32: 531894.62 | I32: -79742.696 | J32: 452151.93 | K32: -79690.649 | L32: 4538.2016 | N32: 8713.006 | O32: 353540.75 | P32: 182173.87 | Q32: 535714.62 | S32: 8713.006 | T32: 147865.5 | W32: 8713.006 | X32: -11187.082
G33: 8714.006 | H33: 531894.62 | I33: -79708.826 | J33: 452185.8 | K33: -79656.779 | L33: 4538.2016 | N33: 8714.006 | O33: 353576.78 | P33: 182194.78 | Q33: 535771.56 | S33: 8714.006 | T33: 147865.5 | W33: 8714.006 | X33: -11182.123
G34: 8715.006 | H34: 531894.62 | I34: -79677.196 | J34: 452217.43 | K34: -79625.149 | L34: 4538.2016 | N34: 8715.006 | O34: 353609.58 | P34: 182215.68 | Q34: 535825.26 | S34: 8715.006 | T34: 147865.5 | W34: 8715.006 | X34: -11176.989
G35: 8716.006 | H35: 531894.62 | I35: -79646.146 | J35: 452248.48 | K35: -79594.099 | L35: 4538.2016 | N35: 8716.006 | O35: 353642.05 | P35: 182236.59 | Q35: 535878.64 | S35: 8716.006 | T35: 147865.5 | W35: 8716.006 | X35: -11172.586
G36: 8717.006 | H36: 531894.62 | I36: -79612.636 | J36: 452281.99 | K36: -79560.539 | L36: 4538.2016 | N36: 8717.006 | O36: 353677.88 | P36: 182257.49 | Q36: 535935.37 | S36: 8717.006 | T36: 147865.5 | W36: 8717.006 | X36: -11168.031
G37: 8718.006 | H37: 531894.62 | I37: -79571.616 | J37: 452323.01 | K37: -79519.519 | L37: 4538.2016 | N37: 8718.006 | O37: 353722.13 | P37: 182278.4 | Q37: 536000.53 | S37: 8718.006 | T37: 147865.5 | W37: 8718.006 | X37: -11161.884
G38: 8719.006 | H38: 531894.62 | I38: -79524.276 | J38: 452370.35 | K38: -79472.099 | L38: 4538.2016 | N38: 8719.006 | O38: 353773.21 | P38: 182299.3 | Q38: 536072.52 | S38: 8719.006 | T38: 147865.5 | W38: 8719.006 | X38: -11153.178
G39: 8720.006 | H39: 531894.65 | I39: -79463.191 | J39: 452431.46 | K39: -79411.014 | L39: 4538.2016 | N39: 8720.006 | O39: 353839.38 | P39: 182320.21 | Q39: 536159.59 | S39: 8720.006 | T39: 147865.5 | W39: 8720.006 | X39: -11140.35
G40: 8721.006 | H40: 531897.35 | I40: -79398.997 | J40: 452498.36 | K40: -79346.82 | L40: 4538.2016 | N40: 8721.006 | O40: 353909.49 | P40: 182341.12 | Q40: 536250.6 | S40: 8721.006 | T40: 147865.5 | W40: 8721.006 | X40: -11126.955
G41: 8722.006 | H41: 531907.93 | I41: -79346.36 | J41: 452561.57 | K41: -79294.183 | L41: 4538.1986 | N41: 8722.006 | O41: 353966.97 | P41: 182362.02 | Q41: 536329 | S41: 8722.006 | T41: 147865.53 | W41: 8722.006 | X41: -11116.199
G42: 8723.006 | H42: 531925.11 | I42: -79299.387 | J42: 452625.73 | K42: -79247.21 | L42: 4538.2086 | N42: 8723.006 | O42: 354018.31 | P42: 182382.93 | Q42: 536401.24 | S42: 8723.006 | T42: 147865.64 | W42: 8723.006 | X42: -11106.386
... G102: 8783.006 | H102: 532240.26 | I102: -75495.078 | J102: 456745.19 | K102: -75442.681 | L102: 4538.2396 | N102: 8783.006 | O102: 358415.21 | P102: 183637.28 | Q102: 542052.49 | S102: 8783.006 | T102: 147869.8 | W102: 8783.006 | X102: -10137.416

Sheet Scenario 3 -20%
H2: Cumulative solar production [kWh] | I2: Cumulative electricity purchased [kWh] | J2: Cumulative electricity consumption [kWh] | K2: Cumulative electricity from grid [kWh] | L2: Cumulative electricity Peer-to-Peer [kWh] | O2: Cumulative bill supplier [DKK] | P2: Cumulative PV cost [DKK] | Q2: Cumulative total costs [DKK] | T2: Cumulative revenue [DKK] | W2: Cumulative CO2 emissions [kg]
G3: 8660.006 | H3: 425182.3 | I3: 23647.114 | J3: 448829.42 | K3: 23698.747 | L3: -0.079973719 | N3: 8660.006 | O3: 403354.09 | P3: 181065.86 | Q3: 584419.94 | S3: 8660.006 | T3: 113196.39 | V3: 8660.006 | W3: 21632.015
G4: 8661.006 | H4: 425182.3 | I4: 23727.184 | J4: 448909.49 | K4: 23778.817 | L4: -0.079973719 | N4: 8661.006 | O4: 403430.07 | P4: 181086.76 | Q4: 584516.83 | S4: 8661.006 | T4: 113196.39 | V4: 8661.006 | W4: 21652.446
G5: 8662.006 | H5: 425182.3 | I5: 23792.464 | J5: 448974.77 | K5: 23844.097 | L5: -0.079973719 | N5: 8662.006 | O5: 403485.24 | P5: 181107.67 | Q5: 584592.91 | S5: 8662.006 | T5: 113196.39 | V5: 8662.006 | W5: 21667.809
G6: 8663.006 | H6: 425182.3 | I6: 23848.424 | J6: 449030.73 | K6: 23900.057 | L6: -0.079973719 | N6: 8663.006 | O6: 403529.37 | P6: 181128.58 | Q6: 584657.94 | S6: 8663.006 | T6: 113196.39 | V6: 8663.006 | W6: 21677.107
G7: 8664.006 | H7: 425182.3 | I7: 23898.724 | J7: 449081.03 | K7: 23950.357 | L7: -0.079973719 | N7: 8664.006 | O7: 403569.14 | P7: 181149.48 | Q7: 584718.62 | S7: 8664.006 | T7: 113196.39 | V7: 8664.006 | W7: 21684.988
G8: 8665.006 | H8: 425182.3 | I8: 23935.724 | J8: 449118.03 | K8: 23987.357 | L8: -0.079973719 | N8: 8665.006 | O8: 403593.02 | P8: 181170.39 | Q8: 584763.41 | S8: 8665.006 | T8: 113196.39 | V8: 8665.006 | W8: 21690.179
G9: 8666.006 | H9: 425182.3 | I9: 23967.834 | J9: 449150.14 | K9: 24019.467 | L9: -0.079973719 | N9: 8666.006 | O9: 403610.48 | P9: 181191.29 | Q9: 584801.77 | S9: 8666.006 | T9: 113196.39 | V9: 8666.006 | W9: 21693.918
G10: 8667.006 | H10: 425182.3 | I10: 23997.554 | J10: 449179.86 | K10: 24049.187 | L10: -0.079973719 | N10: 8667.006 | O10: 403624.43 | P10: 181212.2 | Q10: 584836.63 | S10: 8667.006 | T10: 113196.39 | V10: 8667.006 | W10: 21697.002
G11: 8668.006 | H11: 425182.3 | I11: 24026.434 | J11: 449208.74 | K11: 24078.117 | L11: -0.079973719 | N11: 8668.006 | O11: 403631.89 | P11: 181233.1 | Q11: 584865 | S11: 8668.006 | T11: 113196.39 | V11: 8668.006 | W11: 21700.02
G12: 8669.006 | H12: 425182.3 | I12: 24055.554 | J12: 449237.86 | K12: 24107.237 | L12: -0.079973719 | N12: 8669.006 | O12: 403632.13 | P12: 181254.01 | Q12: 584886.14 | S12: 8669.006 | T12: 113196.39 | V12: 8669.006 | W12: 21703.001
G13: 8670.006 | H13: 425182.3 | I13: 24089.814 | J13: 449272.12 | K13: 24141.497 | L13: -0.079973719 | N13: 8670.006 | O13: 403632.23 | P13: 181274.92 | Q13: 584907.15 | S13: 8670.006 | T13: 113196.39 | V13: 8670.006 | W13: 21706.657
G14: 8671.006 | H14: 425182.3 | I14: 24131.314 | J14: 449313.62 | K14: 24182.997 | L14: -0.079973719 | N14: 8671.006 | O14: 403632.58 | P14: 181295.82 | Q14: 584928.4 | S14: 8671.006 | T14: 113196.39 | V14: 8671.006 | W14: 21711.228
... G102: 8759.006 | H102: 425711.92 | I102: 29368.063 | J102: 455079.99 | K102: 29420.096 | L102: -0.079973719 | N102: 8759.006 | O102: 409650.02 | P102: 183135.54 | Q102: 592785.56 | S102: 8759.006 | T102: 113238.99 | V102: 8759.006 | W102: 22955.771

Sheet Scenario 3 +20%
H3: Cumulative solar production [kWh] | I3: Cumulative electricity purchased [kWh] | J3: Cumulative electricity consumption [kWh] | K3: Cumulative electricity from grid [kWh] | L3: Cumulative electricity Peer-to-Peer [kWh] | O3: Cumulative bill supplier [DKK] | P3: Cumulative PV cost [DKK] | Q3: Cumulative total costs [DKK] | T3: Cumulative revenue [DKK] | W3: Cumulative CO2 emissions [kg]
G4: 8660.006 | H4: 637773.45 | I4: -188944.04 | J4: 448829.42 | K4: -188892.52 | L4: -0.25197543 | N4: 8660.006 | O4: 300948.93 | P4: 181065.86 | Q4: 482014.79 | S4: 8660.006 | T4: 183415.1 | V4: 8660.006 | W4: -45401.887
G5: 8661.006 | H5: 637773.45 | I5: -188863.97 | J5: 448909.49 | K5: -188812.45 | L5: -0.25197543 | N5: 8661.006 | O5: 301024.91 | P5: 181086.76 | Q5: 482111.68 | S5: 8661.006 | T5: 183415.1 | V5: 8661.006 | W5: -45381.456
G6: 8662.006 | H6: 637773.45 | I6: -188798.69 | J6: 448974.77 | K6: -188747.17 | L6: -0.25197543 | N6: 8662.006 | O6: 301080.09 | P6: 181107.67 | Q6: 482187.76 | S6: 8662.006 | T6: 183415.1 | V6: 8662.006 | W6: -45366.093
G7: 8663.006 | H7: 637773.45 | I7: -188742.73 | J7: 449030.73 | K7: -188691.21 | L7: -0.25197543 | N7: 8663.006 | O7: 301124.21 | P7: 181128.58 | Q7: 482252.79 | S7: 8663.006 | T7: 183415.1 | V7: 8663.006 | W7: -45356.795
G8: 8664.006 | H8: 637773.45 | I8: -188692.43 | J8: 449081.03 | K8: -188640.91 | L8: -0.25197543 | N8: 8664.006 | O8: 301163.99 | P8: 181149.48 | Q8: 482313.47 | S8: 8664.006 | T8: 183415.1 | V8: 8664.006 | W8: -45348.914
G9: 8665.006 | H9: 637773.45 | I9: -188655.43 | J9: 449118.03 | K9: -188603.91 | L9: -0.25197543 | N9: 8665.006 | O9: 301187.87 | P9: 181170.39 | Q9: 482358.25 | S9: 8665.006 | T9: 183415.1 | V9: 8665.006 | W9: -45343.723
G10: 8666.006 | H10: 637773.45 | I10: -188623.32 | J10: 449150.14 | K10: -188571.8 | L10: -0.25197543 | N10: 8666.006 | O10: 301205.33 | P10: 181191.29 | Q10: 482396.62 | S10: 8666.006 | T10: 183415.1 | V10: 8666.006 | W10: -45339.984
G11: 8667.006 | H11: 637773.45 | I11: -188593.6 | J11: 449179.86 | K11: -188542.08 | L11: -0.25197543 | N11: 8667.006 | O11: 301219.27 | P11: 181212.2 | Q11: 482431.47 | S11: 8667.006 | T11: 183415.1 | V11: 8667.006 | W11: -45336.9
G12: 8668.006 | H12: 637773.45 | I12: -188564.72 | J12: 449208.74 | K12: -188513.15 | L12: -0.25197543 | N12: 8668.006 | O12: 301226.74 | P12: 181233.1 | Q12: 482459.85 | S12: 8668.006 | T12: 183415.1 | V12: 8668.006 | W12: -45333.882
G13: 8669.006 | H13: 637773.45 | I13: -188535.6 | J13: 449237.86 | K13: -188484.03 | L13: -0.25197543 | N13: 8669.006 | O13: 301226.98 | P13: 181254.01 | Q13: 482480.99 | S13: 8669.006 | T13: 183415.1 | V13: 8669.006 | W13: -45330.901
G14: 8670.006 | H14: 637773.45 | I14: -188501.34 | J14: 449272.12 | K14: -188449.77 | L14: -0.25197543 | N14: 8670.006 | O14: 301227.08 | P14: 181274.92 | Q14: 482502 | S14: 8670.006 | T14: 183415.1 | V14: 8670.006 | W14: -45327.245
G15: 8671.006 | H15: 637773.45 | I15: -188459.84 | J15: 449313.62 | K15: -188408.27 | L15: -0.25197543 | N15: 8671.006 | O15: 301227.42 | P15: 181295.82 | Q15: 482523.25 | S15: 8671.006 | T15: 183415.1 | V15: 8671.006 | W15: -45322.674
... G103: 8759.006 | H103: 638567.88 | I103: -183487.9 | J103: 455079.99 | K103: -183435.98 | L103: -0.25197543 | N103: 8759.006 | O103: 306969.56 | P103: 183135.54 | Q103: 490105.1 | S103: 8759.006 | T103: 183496.52 | V103: 8759.006 | W103: -44178.38

Sheet Scenario 4
B2: Statistics on 137 agents: | G2: Cumulative revenue wind [DKK] | H2: Cumulative revenue solar [DKK] | I2: Cumulative lost revenue [DKK] | L2: Cumulative bill [DKK] | M2: Cumulative PV cost [DKK] | N2: Cumulative total costs [DKK] | O2: Cumulative wind turbine cost [DKK] | R2: Cumulative CO2 emissions [kg] | U2: Cumulative CO2 emissions [kg]
B3: communityTotalLostRevenue: 51,995.62 | F3: 8684.006 | G3: 6698.5904 | H3: 34655.169 | I3: 51982.754 | K3: 8684.006 | L3: 410562.1 | M3: 41995.227 | N3: 594008.32 | O3: 141450.99 | Q3: 8684.006 | R3: 63847.392 | T3: 8660.006 | U3: 71702.027
B4: communityHourlySolarProduction: 0 | F4: 8685.006 | G4: 6698.5904 | H4: 34655.169 | I4: 51982.754 | K4: 8685.006 | L4: 410591.81 | M4: 42000.062 | N4: 594059.15 | O4: 141467.28 | Q4: 8685.006 | R4: 63852.364 | T4: 8661.006 | U4: 71713.17
B5: communityHourlyElConsumption: 63.17 | F5: 8686.006 | G5: 6698.5904 | H5: 34655.169 | I5: 51982.754 | K5: 8686.006 | L5: 410609.99 | M5: 42004.898 | N5: 594098.45 | O5: 141483.56 | Q5: 8686.006 | R5: 63855.501 | T5: 8662.006 | U5: 71718.734
B6: communityHourlyElPurchased: 46.359 | F6: 8687.006 | G6: 6698.5904 | H6: 34655.198 | I6: 51982.797 | K6: 8687.006 | L6: 410623.73 | M6: 42009.733 | N6: 594133.32 | O6: 141499.85 | Q6: 8687.006 | R6: 63858.648 | T6: 8663.006 | U6: 71720.365
B7: communityHourlyElNeeded: 46.359 | F7: 8688.006 | G7: 6698.5904 | H7: 34655.198 | I7: 51982.797 | K7: 8688.006 | L7: 410639.25 | M7: 42014.568 | N7: 594169.96 | O7: 141516.14 | Q7: 8688.006 | R7: 63862.866 | T7: 8664.006 | U7: 71721.095
B8: communityTotalSolarCost: 42,473.929 | F8: 8689.006 | G8: 6698.5904 | H8: 34655.198 | I8: 51982.797 | K8: 8689.006 | L8: 410655.14 | M8: 42019.404 | N8: 594206.97 | O8: 141532.42 | Q8: 8689.006 | R8: 63867.357 | T8: 8665.006 | U8: 71719.849
B9: communityTotalElConsumption: 456,745.186 | F9: 8690.006 | G9: 6698.5904 | H9: 34655.198 | I9: 51982.797 | K9: 8690.006 | L9: 410672.78 | M9: 42024.239 | N9: 594245.72 | O9: 141548.71 | Q9: 8690.006 | R9: 63872.412 | T9: 8666.006 | U9: 71717.893
B10: communityHourlyCO2: 17.96 | F10: 8691.006 | G10: 6698.5904 | H10: 34655.198 | I10: 51982.797 | K10: 8691.006 | L10: 410693.57 | M10: 42029.075 | N10: 594287.64 | O10: 141565 | Q10: 8691.006 | R10: 63879.226 | T10: 8667.006 | U10: 71715.316
B11: communityTotalBill: 413,532.494 | F11: 8692.006 | G11: 6698.5904 | H11: 34655.198 | I11: 51982.797 | K11: 8692.006 | L11: 410716.06 | M11: 42033.91 | N11: 594331.26 | O11: 141581.28 | Q11: 8692.006 | R11: 63887.144 | T11: 8668.006 | U11: 71712.332
B12: communityTotalCO2: 68,817.754 | F12: 8693.006 | G12: 6698.5904 | H12: 34655.198 | I12: 51982.797 | K12: 8693.006 | L12: 410746.16 | M12: 42038.745 | N12: 594382.48 | O12: 141597.57 | Q12: 8693.006 | R12: 63897.521 | T12: 8669.006 | U12: 71709.367
B13: Objects: | F13: 8694.006 | G13: 6698.5904 | H13: 34655.198 | I13: 51982.797 | K13: 8694.006 | L13: 410793.35 | M13: 42043.581 | N13: 594450.79 | O13: 141613.86 | Q13: 8694.006 | R13: 63915.265 | T13: 8670.006 | U13: 71706.818
B14: 0: root.community.consumers[0] | F14: 8695.006 | G14: 6698.5904 | H14: 34655.198 | I14: 51982.797 | K14: 8695.006 | L14: 410855.61 | M14: 42048.416 | N14: 594534.17 | O14: 141630.14 | Q14: 8695.006 | R14: 63940.283 | T14: 8671.006 | U14: 71705.007
... B24: ... | F24: 8705.006 | G24: 6698.5904 | H24: 34662.462 | I24: 51993.692 | K24: 8705.006 | L24: 411618.78 | M24: 42096.77 | N24: 595508.56 | O24: 141793.01 | Q24: 8705.006 | R24: 64184.632 | T24: 8681.006 | U24: 71740.031
F25: 8706.006 | G25: 6698.5904 | H25: 34662.462 | I25: 51993.692 | K25: 8706.006 | L25: 411719.71 | M25: 42101.605 | N25: 595630.62 | O25: 141809.3 | Q25: 8706.006 | R25: 64204.345 | T25: 8682.006 | U25: 71749.906
F26: 8707.006 | G26: 6698.5904 | H26: 34662.462 | I26: 51993.692 | K26: 8707.006 | L26: 411779.88 | M26: 42106.441 | N26: 595711.9 | O26: 141825.59 | Q26: 8707.006 | R26: 64215.422 | T26: 8683.006 | U26: 71757.41
F27: 8708.006 | G27: 6698.5904 | H27: 34662.462 | I27: 51993.692 | K27: 8708.006 | L27: 411815.94 | M27: 42111.276 | N27: 595769.08 | O27: 141841.87 | Q27: 8708.006 | R27: 64222.53 | T27: 8684.006 | U27: 71763.86
F28: 8709.006 | G28: 6698.5904 | H28: 34662.462 | I28: 51993.692 | K28: 8709.006 | L28: 411833.45 | M28: 42116.111 | N28: 595807.72 | O28: 141858.16 | Q28: 8709.006 | R28: 64225.932 | T28: 8685.006 | U28: 71768.832
F29: 8710.006 | G29: 6698.5904 | H29: 34662.462 | I29: 51993.692 | K29: 8710.006 | L29: 411843 | M29: 42120.947 | N29: 595838.39 | O29: 141874.45 | Q29: 8710.006 | R29: 64227.685 | T29: 8686.006 | U29: 71771.969
F30: 8711.006 | G30: 6699.1954 | H30: 34662.462 | I30: 51993.692 | K30: 8711.006 | L30: 411843 | M30: 42125.782 | N30: 595859.51 | O30: 141890.73 | Q30: 8711.006 | R30: 64227.13 | T30: 8687.006 | U30: 71775.116
F31: 8712.006 | G31: 6702.7488 | H31: 34662.462 | I31: 51993.692 | K31: 8712.006 | L31: 411843 | M31: 42130.617 | N31: 595880.63 | O31: 141907.02 | Q31: 8712.006 | R31: 64224.557 | T31: 8688.006 | U31: 71779.334
F32: 8713.006 | G32: 6707.9773 | H32: 34662.462 | I32: 51993.692 | K32: 8713.006 | L32: 411843 | M32: 42135.453 | N32: 595901.76 | O32: 141923.31 | Q32: 8713.006 | R32: 64221.112 | T32: 8689.006 | U32: 71783.825
F33: 8714.006 | G33: 6713.7812 | H33: 34662.462 | I33: 51993.692 | K33: 8714.006 | L33: 411843 | M33: 42140.288 | N33: 595922.88 | O33: 141939.59 | Q33: 8714.006 | R33: 64217.117 | T33: 8690.006 | U33: 71788.88
F34: 8715.006 | G34: 6720.43 | H34: 34662.462 | I34: 51993.692 | K34: 8715.006 | L34: 411843 | M34: 42145.124 | N34: 595944 | O34: 141955.88 | Q34: 8715.006 | R34: 64211.913 | T34: 8691.006 | U34: 71795.694
F35: 8716.006 | G35: 6727.5816 | H35: 34662.462 | I35: 51993.692 | K35: 8716.006 | L35: 411843 | M35: 42149.959 | N35: 595965.12 | O35: 141972.17 | Q35: 8716.006 | R35: 64207.065 | T35: 8692.006 | U35: 71803.612
F36: 8717.006 | G36: 6734.5389 | H36: 34662.472 | I36: 51993.708 | K36: 8717.006 | L36: 411842.99 | M36: 42154.794 | N36: 595986.23 | O36: 141988.45 | Q36: 8717.006 | R36: 64202.636 | T36: 8693.006 | U36: 71813.989
... F102: 8783.006 | G102: 6789.1656 | H102: 34663.747 | I102: 51995.62 | K102: 8783.006 | L102: 413532.49 | M102: 42473.929 | N102: 599069.81 | O102: 143063.38 | Q102: 8783.006 | R102: 64552.081 | T102: 8759.006 | U102: 72243.652

Sheet Scenario -20%
H2: Hourly solar energy production [kWh] | I2: Hourly electricity purchased [kWh] | J2: Hourly electricity consumption [kWh] | K2: Hourly wind energy production [kWh] | N2: Cumulative bill [DKK] | O2: Cumulative PV cost [DKK] | P2: Cumulative total costs [DKK] | Q2: Cumulative wind turbine cost [DKK] | T2: Cumulative revenue wind [DKK] | U2: Cumulative revenue solar [DKK] | V2: Cumulative lost revenue [DKK]
G3: 8660.006 | H3: 0 | I3: 51.0975 | J3: 82.81 | K3: 31.7125 | M3: 8660.006 | N3: 422341.22 | O3: 41879.178 | P3: 605280.5 | Q3: 141060.11 | S3: 8660.006 | T3: 6572.1192 | U3: 26275.9 | V3: 39413.851
G4: 8661.006 | H4: 0 | I4: 43.6685 | J4: 80.07 | K4: 36.4015 | M4: 8661.006 | N4: 422382.66 | O4: 41884.013 | P4: 605343.06 | Q4: 141076.39 | S4: 8661.006 | T4: 6572.1192 | U4: 26275.9 | V4: 39413.851
G5: 8662.006 | H5: 0 | I5: 23.6425 | J5: 65.28 | K5: 41.6375 | M5: 8662.006 | N5: 422402.64 | O5: 41888.849 | P5: 605384.17 | Q5: 141092.68 | S5: 8662.006 | T5: 6572.1192 | U5: 26275.9 | V5: 39413.851
G6: 8663.006 | H6: 0 | I6: 9.8175 | J6: 55.96 | K6: 46.1425 | M6: 8663.006 | N6: 422410.38 | O6: 41893.684 | P6: 605413.03 | Q6: 141108.97 | S6: 8663.006 | T6: 6572.1192 | U6: 26275.9 | V6: 39413.851
G7: 8664.006 | H7: 0 | I7: 4.6595 | J7: 50.3 | K7: 45.6405 | M7: 8664.006 | N7: 422414.07 | O7: 41898.519 | P7: 605437.84 | Q7: 141125.25 | S7: 8664.006 | T7: 6572.1192 | U7: 26275.9 | V7: 39413.851
G8: 8665.006 | H8: 0 | I8: 0.0005 | J8: 37 | K8: 45.8835 | M8: 8665.006 | N8: 422414.07 | O8: 41903.355 | P8: 605458.96 | Q8: 141141.54 | S8: 8665.006 | T8: 6573.2662 | U8: 26275.9 | V8: 39413.851
G9: 8666.006 | H9: 0 | I9: 0.0005 | J9: 32.11 | K9: 48.9045 | M9: 8666.006 | N9: 422414.07 | O9: 41908.19 | P9: 605480.08 | Q9: 141157.83 | S9: 8666.006 | T9: 6575.0922 | U9: 26275.9 | V9: 39413.851
G10: 8667.006 | H10: 0 | I10: 0.0005 | J10: 29.72 | K10: 54.5565 | M10: 8667.006 | N10: 422414.07 | O10: 41913.026 | P10: 605501.21 | Q10: 141174.11 | S10: 8667.006 | T10: 6577.4232 | U10: 26275.9 | V10: 39413.851
G11: 8668.006 | H11: 0 | I11: -0.0495 | J11: 28.88 | K11: 57.4365 | M11: 8668.006 | N11: 422414.07 | O11: 41917.861 | P11: 605522.33 | Q11: 141190.4 | S11: 8668.006 | T11: 6578.8972 | U11: 26275.903 | V11: 39413.855
G12: 8669.006 | H12: 0 | I12: 0.0005 | J12: 29.12 | K12: 58.0765 | M12: 8669.006 | N12: 422414.07 | O12: 41922.696 | P12: 605543.45 | Q12: 141206.69 | S12: 8669.006 | T12: 6578.9452 | U12: 26275.903 | V12: 39413.855
G13: 8670.006 | H13: 0 | I13: 0.0005 | J13: 34.26 | K13: 58.1485 | M13: 8670.006 | N13: 422414.07 | O13: 41927.532 | P13: 605564.57 | Q13: 141222.97 | S13: 8670.006 | T13: 6578.9592 | U13: 26275.903 | V13: 39413.855
G14: 8671.006 | H14: 0 | I14: 0.0005 | J14: 41.5 | K14: 57.9415 | M14: 8671.006 | N14: 422414.07 | O14: 41932.367 | P14: 605585.69 | Q14: 141239.26 | S14: 8671.006 | T14: 6578.9862 | U14: 26275.903 | V14: 39413.855
... G102: 8759.006 | H102: 0 | I102: 0.5525 | J102: 59.78 | K102: 59.2005 | M102: 8759.006 | N102: 424801.43 | O102: 42357.88 | P102: 609831.81 | Q102: 142672.5 | S102: 8759.006 | T102: 6648.6362 | U102: 26281.018 | V102: 39421.528
K106: =44*8760 -> 385440

Sheet Scenario +20%
H3: Hourly solar energy production [kWh] | I3: Hourly electricity purchased [kWh] | J3: Hourly electricity consumption [kWh] | K3: Hourly wind energy production [kWh] | N3: Cumulative revenue wind [DKK] | O3: Cumulative revenue solar [DKK] | P3: Cumulative lost revenue [DKK] | S3: Cumulative bill [DKK] | T3: Cumulative PV cost [DKK] | U3: Cumulative total costs [DKK] | V3: Cumulative wind turbine cost [DKK] | Y3: Cumulative CO2 emissions [kg]
G4: 8660.006 | H4: 0 | I4: 51.0975 | J4: 82.81 | K4: 31.7125 | M4: 8660.006 | N4: 6781.9619 | O4: 43243.575 | P4: 64865.362 | R4: 8660.006 | S4: 398599.89 | T4: 41879.178 | U4: 581539.18 | V4: 141060.11 | X4: 8660.006 | Y4: 55875.942
G5: 8661.006 | H5: 0 | I5: 43.6685 | J5: 80.07 | K5: 36.4015 | M5: 8661.006 | N5: 6781.9619 | O5: 43243.575 | P5: 64865.362 | R5: 8661.006 | S5: 398641.33 | T5: 41884.013 | U5: 581601.74 | V5: 141076.39 | X5: 8661.006 | Y5: 55887.085
G6: 8662.006 | H6: 0 | I6: 23.6425 | J6: 65.28 | K6: 41.6375 | M6: 8662.006 | N6: 6781.9619 | O6: 43243.575 | P6: 64865.362 | R6: 8662.006 | S6: 398661.31 | T6: 41888.849 | U6: 581642.84 | V6: 141092.68 | X6: 8662.006 | Y6: 55892.649
G7: 8663.006 | H7: 0 | I7: 9.8175 | J7: 55.96 | K7: 46.1425 | M7: 8663.006 | N7: 6781.9619 | O7: 43243.575 | P7: 64865.362 | R7: 8663.006 | S7: 398669.05 | T7: 41893.684 | U7: 581671.7 | V7: 141108.97 | X7: 8663.006 | Y7: 55894.28
G8: 8664.006 | H8: 0 | I8: 4.6595 | J8: 50.3 | K8: 45.6405 | M8: 8664.006 | N8: 6781.9619 | O8: 43243.575 | P8: 64865.362 | R8: 8664.006 | S8: 398672.74 | T8: 41898.519 | U8: 581696.51 | V8: 141125.25 | X8: 8664.006 | Y8: 55895.01
G9: 8665.006 | H9: 0 | I9: 0.0005 | J9: 37 | K9: 45.8835 | M9: 8665.006 | N9: 6783.1089 | O9: 43243.575 | P9: 64865.362 | R9: 8665.006 | S9: 398672.74 | T9: 41903.355 | U9: 581717.63 | V9: 141141.54 | X9: 8665.006 | Y9: 55893.764
G10: 8666.006 | H10: 0 | I10: 0.0005 | J10: 32.11 | K10: 48.9045 | M10: 8666.006 | N10: 6784.9349 | O10: 43243.575 | P10: 64865.362 | R10: 8666.006 | S10: 398672.74 | T10: 41908.19 | U10: 581738.76 | V10: 141157.83 | X10: 8666.006 | Y10: 55891.808
G11: 8667.006 | H11: 0 | I11: 0.0005 | J11: 29.72 | K11: 54.5565 | M11: 8667.006 | N11: 6787.2659 | O11: 43243.575 | P11: 64865.362 | R11: 8667.006 | S11: 398672.74 | T11: 41913.026 | U11: 581759.88 | V11: 141174.11 | X11: 8667.006 | Y11: 55889.231
G12: 8668.006 | H12: 0 | I12: -0.0495 | J12: 28.88 | K12: 57.4365 | M12: 8668.006 | N12: 6788.7399 | O12: 43243.578 | P12: 64865.366 | R12: 8668.006 | S12: 398672.74 | T12: 41917.861 | U12: 581781 | V12: 141190.4 | X12: 8668.006 | Y12: 55886.247
G13: 8669.006 | H13: 0 | I13: 0.0005 | J13: 29.12 | K13: 58.0765 | M13: 8669.006 | N13: 6788.7879 | O13: 43243.578 | P13: 64865.366 | R13: 8669.006 | S13: 398672.74 | T13: 41922.696 | U13: 581802.12 | V13: 141206.69 | X13: 8669.006 | Y13: 55883.282
G14: 8670.006 | H14: 0 | I14: 0.0005 | J14: 34.26 | K14: 58.1485 | M14: 8670.006 | N14: 6788.8019 | O14: 43243.578 | P14: 64865.366 | R14: 8670.006 | S14: 398672.74 | T14: 41927.532 | U14: 581823.24 | V14: 141222.97 | X14: 8670.006 | Y14: 55880.733
G15: 8671.006 | H15: 0 | I15: 0.0005 | J15: 41.5 | K15: 57.9415 | M15: 8671.006 | N15: 6788.8289 | O15: 43243.578 | P15: 64865.366 | R15: 8671.006 | S15: 398672.74 | T15: 41932.367 | U15: 581844.36 | V15: 141239.26 | X15: 8671.006 | Y15: 55878.922
... G103: 8759.006 | H103: 0 | I103: 0.5525 | J103: 59.78 | K103: 59.2005 | M103: 8759.006 | N103: 6859.7329 | O103: 43256.399 | P103: 64884.598 | R103: 8759.006 | S103: 401008.52 | T103: 42357.88 | U103: 586038.9 | V103: 142672.5 | X103: 8759.006 | Y103: 56392.182

Sheet Scenario 5
B2: Statistics on 137 agents: | H2: Cumulative revenue wind [DKK] | I2: Cumulative revenue solar [DKK] | J2: Cumulative lost revenue [DKK] | N2: Cumulative bill [DKK] | O2: Cumulative PV cost [DKK] | P2: Cumulative total costs [DKK] | Q2: Cumulative wind turbine cost [DKK] | V2: Cumulative CO2 emissions [kg]
B3: communityTotalElConsumption: 456,745.186 | G3: 8684.006 | H3: 22908.122 | I3: 155173.09 | J3: 232759.63 | M3: 8684.006 | N3: 143381.17 | O3: 181567.6 | P3: 466399.76 | Q3: 141450.99 | U3: 8684.006 | V3: -76644.631
B4: communityHourlyElNeeded: 46.359 | G4: 8685.006 | H4: 22908.122 | I4: 155173.09 | J4: 232759.63 | M4: 8685.006 | N4: 143410.87 | O4: 181588.5 | P4: 466466.65 | Q4: 141467.28 | U4: 8685.006 | V4: -76639.659
B5: communityHourlyElPurchased: 46.359 | G5: 8686.006 | H5: 22908.122 | I5: 155173.09 | J5: 232759.63 | M5: 8686.006 | N5: 143429.06 | O5: 181609.41 | P5: 466522.03 | Q5: 141483.56 | U5: 8686.006 | V5: -76636.521
B6: communityTotalLostRevenue: 232,819.782 | G6: 8687.006 | H6: 22908.122 | I6: 155173.12 | J6: 232759.68 | M6: 8687.006 | N6: 143442.8 | O6: 181630.32 | P6: 466572.97 | Q6: 141499.85 | U6: 8687.006 | V6: -76633.375
B7: communityHourlySolarProduction: 0 | G7: 8688.006 | H7: 22908.122 | I7: 155173.12 | J7: 232759.68 | M7: 8688.006 | N7: 143458.32 | O7: 181651.22 | P7: 466625.68 | Q7: 141516.14 | U7: 8688.006 | V7: -76629.157
B8: communityTotalSolarCost: 183,637.281 | G8: 8689.006 | H8: 22908.122 | I8: 155173.12 | J8: 232759.68 | M8: 8689.006 | N8: 143474.21 | O8: 181672.13 | P8: 466678.76 | Q8: 141532.42 | U8: 8689.006 | V8: -76624.666
B9: communityHourlyElConsumption: 63.17 | G9: 8690.006 | H9: 22908.122 | I9: 155173.12 | J9: 232759.68 | M9: 8690.006 | N9: 143491.84 | O9: 181693.03 | P9: 466733.59 | Q9: 141548.71 | U9: 8690.006 | V9: -76619.611
B10: communityTotalBill: 145,823.485 | G10: 8691.006 | H10: 22908.122 | I10: 155173.12 | J10: 232759.68 | M10: 8691.006 | N10: 143512.63 | O10: 181713.94 | P10: 466791.57 | Q10: 141565 | U10: 8691.006 | V10: -76612.797
B11: communityTotalCO2: -61,472.727 | G11: 8692.006 | H11: 22908.122 | I11: 155173.12 | J11: 232759.68 | M11: 8692.006 | N11: 143535.13 | O11: 181734.85 | P11: 466851.26 | Q11: 141581.28 | U11: 8692.006 | V11: -76604.879
B12: communityHourlyCO2: 17.96 | G12: 8693.006 | H12: 22908.122 | I12: 155173.12 | J12: 232759.68 | M12: 8693.006 | N12: 143565.23 | O12: 181755.75 | P12: 466918.55 | Q12: 141597.57 | U12: 8693.006 | V12: -76594.502
B13: Objects: | G13: 8694.006 | H13: 22908.122 | I13: 155173.12 | J13: 232759.68 | M13: 8694.006 | N13: 143612.42 | O13: 181776.66 | P13: 467002.93 | Q13: 141613.86 | U13: 8694.006 | V13: -76576.758
B14: 0: root.community.consumers[0] | G14: 8695.006 | H14: 22908.122 | I14: 155173.12 | J14: 232759.68 | M14: 8695.006 | N14: 143674.68 | O14: 181797.56 | P14: 467102.39 | Q14: 141630.14 | U14: 8695.006 | V14: -76551.74
... B24: ... | G24: 8705.006 | H24: 22908.122 | I24: 155206.19 | J24: 232809.28 | M24: 8705.006 | N24: 144150.95 | O24: 182006.62 | P24: 467950.58 | Q24: 141793.01 | U24: 8705.006 | V24: -76454.133
G25: 8706.006 | H25: 22908.122 | I25: 155206.19 | J25: 232809.28 | M25: 8706.006 | N25: 144251.89 | O25: 182027.53 | P25: 468088.71 | Q25: 141809.3 | U25: 8706.006 | V25: -76434.419
G26: 8707.006 | H26: 22908.122 | I26: 155206.19 | J26: 232809.28 | M26: 8707.006 | N26: 144312.05 | O26: 182048.43 | P26: 468186.07 | Q26: 141825.59 | U26: 8707.006 | V26: -76423.343
G27: 8708.006 | H27: 22908.122 | I27: 155206.19 | J27: 232809.28 | M27: 8708.006 | N27: 144348.11 | O27: 182069.34 | P27: 468259.32 | Q27: 141841.87 | U27: 8708.006 | V27: -76416.235
G28: 8709.006 | H28: 22908.122 | I28: 155206.19 | J28: 232809.28 | M28: 8709.006 | N28: 144365.62 | O28: 182090.25 | P28: 468314.03 | Q28: 141858.16 | U28: 8709.006 | V28: -76412.833
G29: 8710.006 | H29: 22908.122 | I29: 155206.19 | J29: 232809.28 | M29: 8710.006 | N29: 144375.17 | O29: 182111.15 | P29: 468360.77 | Q29: 141874.45 | U29: 8710.006 | V29: -76411.08
G30: 8711.006 | H30: 22908.727 | I30: 155206.19 | J30: 232809.28 | M30: 8711.006 | N30: 144375.17 | O30: 182132.06 | P30: 468397.96 | Q30: 141890.73 | U30: 8711.006 | V30: -76411.634
G31: 8712.006 | H31: 22912.28 | I31: 155206.19 | J31: 232809.28 | M31: 8712.006 | N31: 144375.17 | O31: 182152.96 | P31: 468435.15 | Q31: 141907.02 | U31: 8712.006 | V31: -76414.208
G32: 8713.006 | H32: 22917.509 | I32: 155206.19 | J32: 232809.28 | M32: 8713.006 | N32: 144375.17 | O32: 182173.87 | P32: 468472.35 | Q32: 141923.31 | U32: 8713.006 | V32: -76417.653
G33: 8714.006 | H33: 22923.313 | I33: 155206.19 | J33: 232809.28 | M33: 8714.006 | N33: 144375.17 | O33: 182194.78 | P33: 468509.54 | Q33: 141939.59 | U33: 8714.006 | V33: -76421.648
G34: 8715.006 | H34: 22929.962 | I34: 155206.19 | J34: 232809.28 | M34: 8715.006 | N34: 144375.17 | O34: 182215.68 | P34: 468546.73 | Q34: 141955.88 | U34: 8715.006 | V34: -76426.851
G35: 8716.006 | H35: 22937.113 | I35: 155206.19 | J35: 232809.28 | M35: 8716.006 | N35: 144375.17 | O35: 182236.59 | P35: 468583.92 | Q35: 141972.17 | U35: 8716.006 | V35: -76431.699
G36: 8717.006 | H36: 22944.07 | I36: 155206.2 | J36: 232809.3 | M36: 8717.006 | N36: 144375.16 | O36: 182257.49 | P36: 468621.11 | Q36: 141988.45 | U36: 8717.006 | V36: -76436.129
... G102: 8783.006 | H102: 23013.351 | I102: 155213.19 | J102: 232819.78 | M102: 8783.006 | N102: 145823.48 | O102: 183637.28 | P102: 472524.15 | Q102: 143063.38 | U102: 8783.006 | V102: -76149.035

Sheet Scenario 5 -20%
H3: Hourly solar energy production [kWh] | I3: Hourly electricity purchased [kWh] | J3: Hourly electricity consumption [kWh] | K3: Hourly wind energy production [kWh] | N3: Cumulative bill [DKK] | O3: Cumulative PV cost [DKK] | P3: Cumulative total costs [DKK] | Q3: Cumulative wind turbine cost [DKK] | T3: Cumulative revenue wind [DKK] | U3: Cumulative revenue solar [DKK] | V3: Cumulative lost revenue [DKK] | Y3: Cumulative CO2 emissions [kg]
G4: 8660.006 | H4: 0 | I4: 51.0975 | J4: 82.81 | K4: 31.7125 | M4: 8660.006 | N4: 190367.35 | O4: 181065.86 | P4: 512493.31 | Q4: 141060.11 | S4: 8660.006 | T4: 21130.07 | U4: 118453.79 | V4: 177680.69 | X4: 8660.006 | Y4: -42017.798
G5: 8661.006 | H5: 0 | I5: 43.6685 | J5: 80.07 | K5: 36.4015 | M5: 8661.006 | N5: 190408.78 | O5: 181086.76 | P5: 512571.94 | Q5: 141076.39 | S5: 8661.006 | T5: 21130.07 | U5: 118453.79 | V5: 177680.69 | X5: 8661.006 | Y5: -42006.655
G6: 8662.006 | H6: 0 | I6: 23.6425 | J6: 65.28 | K6: 41.6375 | M6: 8662.006 | N6: 190428.77 | O6: 181107.67 | P6: 512629.11 | Q6: 141092.68 | S6: 8662.006 | T6: 21130.07 | U6: 118453.79 | V6: 177680.69 | X6: 8662.006 | Y6: -42001.091
G7: 8663.006 | H7: 0 | I7: 9.8175 | J7: 55.96 | K7: 46.1425 | M7: 8663.006 | N7: 190436.51 | O7: 181128.58 | P7: 512674.05 | Q7: 141108.97 | S7: 8663.006 | T7: 21130.07 | U7: 118453.79 | V7: 177680.69 | X7: 8663.006 | Y7: -41999.46
G8: 8664.006 | H8: 0 | I8: 4.6595 | J8: 50.3 | K8: 45.6405 | M8: 8664.006 | N8: 190440.19 | O8: 181149.48 | P8: 512714.93 | Q8: 141125.25 | S8: 8664.006 | T8: 21130.07 | U8: 118453.79 | V8: 177680.69 | X8: 8664.006 | Y8: -41998.73
G9: 8665.006 | H9: 0 | I9: 0.0005 | J9: 37 | K9: 45.8835 | M9: 8665.006 | N9: 190440.19 | O9: 181170.39 | P9: 512752.12 | Q9: 141141.54 | S9: 8665.006 | T9: 21131.217 | U9: 118453.79 | V9: 177680.69 | X9: 8665.006 | Y9: -41999.976
G10: 8666.006 | H10: 0 | I10: 0.0005 | J10: 32.11 | K10: 48.9045 | M10: 8666.006 | N10: 190440.19 | O10: 181191.29 | P10: 512789.31 | Q10: 141157.83 | S10: 8666.006 | T10: 21133.043 | U10: 118453.79 | V10: 177680.69 | X10: 8666.006 | Y10: -42001.932
G11: 8667.006 | H11: 0 | I11: 0.0005 | J11: 29.72 | K11: 54.5565 | M11: 8667.006 | N11: 190440.19 | O11: 181212.2 | P11: 512826.5 | Q11: 141174.11 | S11: 8667.006 | T11: 21135.374 | U11: 118453.79 | V11: 177680.69 | X11: 8667.006 | Y11: -42004.509
G12: 8668.006 | H12: 0 | I12: -0.0495 | J12: 28.88 | K12: 57.4365 | M12: 8668.006 | N12: 190440.19 | O12: 181233.1 | P12: 512863.69 | Q12: 141190.4 | S12: 8668.006 | T12: 21136.848 | U12: 118453.8 | V12: 177680.69 | X12: 8668.006 | Y12: -42007.493
G13: 8669.006 | H13: 0 | I13: 0.0005 | J13: 29.12 | K13: 58.0765 | M13: 8669.006 | N13: 190440.19 | O13: 181254.01 | P13: 512900.89 | Q13: 141206.69 | S13: 8669.006 | T13: 21136.896 | U13: 118453.8 | V13: 177680.69 | X13: 8669.006 | Y13: -42010.458
G14: 8670.006 | H14: 0 | I14: 0.0005 | J14: 34.26 | K14: 58.1485 | M14: 8670.006 | N14: 190440.19 | O14: 181274.92 | P14: 512938.08 | Q14: 141222.97 | S14: 8670.006 | T14: 21136.91 | U14: 118453.8 | V14: 177680.69 | X14: 8670.006 | Y14: -42013.007
G15: 8671.006 | H15: 0 | I15: 0.0005 | J15: 41.5 | K15: 57.9415 | M15: 8671.006 | N15: 190440.19 | O15: 181295.82 | P15: 512975.27 | Q15: 141239.26 | S15: 8671.006 | T15: 21136.937 | U15: 118453.8 | V15: 177680.69 | X15: 8671.006 | Y15: -42014.818
... G103: 8759.006 | H103: 0 | I103: 0.5525 | J103: 59.78 | K103: 59.2005 | M103: 8759.006 | N103: 192408.48 | O103: 183135.54 | P103: 518216.52 | Q103: 142672.5 | S103: 8759.006 | T103: 21219.09 | U103: 118477.4 | V103: 177716.1 | X103: 8759.006 | Y103: -41638.706

Sheet Scenario 5 +20
H2: Hourly solar energy production [kWh] | I2: Hourly electricity purchased [kWh] | J2: Hourly electricity consumption [kWh] | K2: Hourly wind energy production [kWh] | N2: Cumulative bill [DKK] | O2: Cumulative PV cost [DKK] | P2: Cumulative total costs [DKK] | Q2: Cumulative wind turbine cost [DKK] | T2: Cumulative revenue wind [DKK] | U2: Cumulative revenue solar [DKK] | V2: Cumulative lost revenue [DKK] | Y2: Cumulative CO2 emissions [kg]
G3: 8660.006 | H3: 0 | I3: 51.0975 | J3: 82.81 | K3: 31.7125 | M3: 8660.006 | N3: 97584.038 | O3: 181065.86 | P3: 419710 | Q3: 141060.11 | S3: 8660.006 | T3: 24275.558 | U3: 192490.49 | V3: 288735.74 | X3: 8660.006 | Y3: -111137.04
G4: 8661.006 | H4: 0 | I4: 43.6685 | J4: 80.07 | K4: 36.4015 | M4: 8661.006 | N4: 97625.476 | O4: 181086.76 | P4: 419788.63 | Q4: 141076.39 | S4: 8661.006 | T4: 24275.558 | U4: 192490.49 | V4: 288735.74 | X4: 8661.006 | Y4: -111125.9
G5: 8662.006 | H5: 0 | I5: 23.6425 | J5: 65.28 | K5: 41.6375 | M5: 8662.006 | N5: 97645.459 | O5: 181107.67 | P5: 419845.81 | Q5: 141092.68 | S5: 8662.006 | T5: 24275.558 | U5: 192490.49 | V5: 288735.74 | X5: 8662.006 | Y5: -111120.34
G6: 8663.006 | H6: 0 | I6: 9.8175 | J6: 55.96 | K6: 46.1425 | M6: 8663.006 | N6: 97653.2 | O6: 181128.58 | P6: 419890.74 | Q6: 141108.97 | S6: 8663.006 | T6: 24275.558 | U6: 192490.49 | V6: 288735.74 | X6: 8663.006 | Y6: -111118.71
G7: 8664.006 | H7: 0 | I7: 4.6595 | J7: 50.3 | K7: 45.6405 | M7: 8664.006 | N7: 97656.885 | O7: 181149.48 | P7: 419931.62 | Q7: 141125.25 | S7: 8664.006 | T7: 24275.558 | U7: 192490.49 | V7: 288735.74 | X7: 8664.006 | Y7: -111117.98
G8: 8665.006 | H8: 0 | I8: 0.0005 | J8: 37 | K8: 45.8835 | M8: 8665.006 | N8: 97656.885 | O8: 181170.39 | P8: 419968.81 | Q8: 141141.54 | S8: 8665.006 | T8: 24276.705 | U8: 192490.49 | V8: 288735.74 | X8: 8665.006 | Y8: -111119.22
G9: 8666.006 | H9: 0 | I9: 0.0005 | J9: 32.11 | K9: 48.9045 | M9: 8666.006 | N9: 97656.885 | O9: 181191.29 | P9: 420006 | Q9: 141157.83 | S9: 8666.006 | T9: 24278.531 | U9: 192490.49 | V9: 288735.74 | X9: 8666.006 | Y9: -111121.18
G10: 8667.006 | H10: 0 | I10: 0.0005 | J10: 29.72 | K10: 54.5565 | M10: 8667.006 | N10: 97656.885 | O10: 181212.2 | P10: 420043.2 | Q10: 141174.11 | S10: 8667.006 | T10: 24280.862 | U10: 192490.49 | V10: 288735.74 | X10: 8667.006 | Y10: -111123.75
G11: 8668.006 | H11: 0 | I11: -0.0495 | J11: 28.88 | K11: 57.4365 | M11: 8668.006 | N11: 97656.882 | O11: 181233.1 | P11: 420080.39 | Q11: 141190.4 | S11: 8668.006 | T11: 24282.336 | U11: 192490.5 | V11: 288735.75 | X11: 8668.006 | Y11: -111126.74
G12: 8669.006 | H12: 0 | I12: 0.0005 | J12: 29.12 | K12: 58.0765 | M12: 8669.006 | N12: 97656.882 | O12: 181254.01 | P12: 420117.58 | Q12: 141206.69 | S12: 8669.006 | T12: 24282.384 | U12: 192490.5 | V12: 288735.75 | X12: 8669.006 | Y12: -111129.7
G13: 8670.006 | H13: 0 | I13: 0.0005 | J13: 34.26 | K13: 58.1485 | M13: 8670.006 | N13: 97656.882 | O13: 181274.92 | P13: 420154.77 | Q13: 141222.97 | S13: 8670.006 | T13: 24282.398 | U13: 192490.5 | V13: 288735.75 | X13: 8670.006 | Y13: -111132.25
G14: 8671.006 | H14: 0 | I14: 0.0005 | J14: 41.5 | K14: 57.9415 | M14: 8671.006 | N14: 97656.882 | O14: 181295.82 | P14: 420191.96 | Q14: 141239.26 | S14: 8671.006 | T14: 24282.425 | U14: 192490.5 | V14: 288735.75 | X14: 8671.006 | Y14: -111134.06
... G102: 8759.006 | H102: 0 | I102: 0.5525 | J102: 59.78 | K102: 59.2005 | M102: 8759.006 | N102: 99449.467 | O102: 183135.54 | P102: 425257.51 | Q102: 142672.5 | S102: 8759.006 | T102: 24379.603 | U102: 192550.43 | V102: 288825.65 | X102: 8759.006 | Y102: -110872.67

Sheet Basecase updated1
A1: Community | E1: Community
A2: TotalSelfsuff | G2: Community total self sufficiency | J2: Hourly solar production [kWh] | K2: Hourly electricity purchased [kWh] | L2: Hourly electricity consumption [kWh] | O2: Cumulative bill [DKK] | P2: Cumulative PV cost [DKK] | Q2: Cumulative total costs [DKK] | T2: Cumulative lost revenue [DKK] | W2: Cumulative CO2 emissions [kg] | Z2: Hourly CO2 emissions [kg]
A3: 676.221 | F3: 8661 | G3: 674.38037 | I3: 8660.004 | J3: 0 | K3: 82.81 | L3: 82.81 | N3: 8660.004 | O3: 711119.24 | P3: 41879.178 | Q3: 752998.42 | S3: 8660.004 | T3: 48056 | V3: 8660.004 | W3: 116922.78 | Y3: 8660.004 | Z3: 24.627153
A4: TotalBill | F4: 8662 | G4: 674.38037 | I4: 8661.004 | J4: 0 | K4: 80.07 | L4: 80.07 | N4: 8661.004 | O4: 711195.22 | P4: 41884.013 | Q4: 753079.24 | S4: 8661.004 | T4: 48056 | V4: 8661.004 | W4: 116943.21 | Y4: 8661.004 | Z4: 20.431153
A5: 5978.976 | F5: 8663 | G5: 674.38037 | I5: 8662.004 | J5: 0 | K5: 65.28 | L5: 65.28 | N5: 8662.004 | O5: 711250.4 | P5: 41888.849 | Q5: 753139.25 | S5: 8662.004 | T5: 48056 | V5: 8662.004 | W5: 116958.57 | Y5: 8662.004 | Z5: 15.363153
A6: TotalCostPV | F6: 8664 | G6: 674.38037 | I6: 8663.004 | J6: 0 | K6: 55.96 | L6: 55.96 | N6: 8663.004 | O6: 711294.52 | P6: 41893.684 | Q6: 753188.21 | S6: 8663.004 | T6: 48056 | V6: 8663.004 | W6: 116967.87 | Y6: 8663.004 | Z6: 9.2981528
A7: 2906.913 | F7: 8665 | G7: 674.38037 | I7: 8664.004 | J7: 0 | K7: 50.3 | L7: 50.3 | N7: 8664.004 | O7: 711334.3 | P7: 41898.519 | Q7: 753232.82 | S7: 8664.004 | T7: 48056 | V7: 8664.004 | W7: 116975.75 | Y7: 8664.004 | Z7: 7.8811528
F8: 8666 | G8: 674.38037 | I8: 8665.004 | J8: 0 | K8: 37 | L8: 37 | N8: 8665.004 | O8: 711358.17 | P8: 41903.355 | Q8: 753261.53 | S8: 8665.004 | T8: 48056 | V8: 8665.004 | W8: 116980.94 | Y8: 8665.004 | Z8: 5.1911528
F9: 8667 | G9: 674.38037 | I9: 8666.004 | J9: 0 | K9: 32.11 | L9: 32.11 | N9: 8666.004 | O9: 711375.64 | P9: 41908.19 | Q9: 753283.83 | S9: 8666.004 | T9: 48056 | V9: 8666.004 | W9: 116984.68 | Y9: 8666.004 | Z9: 3.7381528
F10: 8668 | G10: 674.38037 | I10: 8667.004 | J10: 0 | K10: 29.72 | L10: 29.72 | N10: 8667.004 | O10: 711389.58 | P10: 41913.026 | Q10: 753302.61 | S10: 8667.004 | T10: 48056 | V10: 8667.004 | W10: 116987.76 | Y10: 8667.004 | Z10: 3.0851528
A11: Selfsuff % | F11: 8669 | G11: 674.38037 | I11: 8668.004 | J11: 0 | K11: 28.88 | L11: 28.88 | N11: 8668.004 | O11: 711397.04 | P11: 41917.861 | Q11: 753314.9 | S11: 8668.004 | T11: 48056 | V11: 8668.004 | W11: 116990.78 | Y11: 8668.004 | Z11: 3.0121528
A12: =A3/8760 *100 -> 7.7194178 | F12: 8670 | G12: 674.38037 | I12: 8669.004 | J12: 0 | K12: 29.12 | L12: 29.12 | N12: 8669.004 | O12: 711397.28 | P12: 41922.696 | Q12: 753319.97 | S12: 8669.004 | T12: 48056 | V12: 8669.004 | W12: 116993.76 | Y12: 8669.004 | Z12: 2.9811528
F13: 8671 | G13: 674.38037 | I13: 8670.004 | J13: 0 | K13: 34.26 | L13: 34.26 | N13: 8670.004 | O13: 711397.38 | P13: 41927.532 | Q13: 753324.91 | S13: 8670.004 | T13: 48056 | V13: 8670.004 | W13: 116997.41 | Y13: 8670.004 | Z13: 3.6561528
F14: 8672 | G14: 674.38037 | I14: 8671.004 | J14: 0 | K14: 41.5 | L14: 41.5 | N14: 8671.004 | O14: 711397.72 | P14: 41932.367 | Q14: 753330.09 | S14: 8671.004 | T14: 48056 | V14: 8671.004 | W14: 117001.98 | Y14: 8671.004 | Z14: 4.5711528
F15: 8673 | G15: 674.38037 | I15: 8672.004 | J15: 0 | K15: 54.84 | L15: 54.84 | N15: 8672.004 | O15: 711437.81 | P15: 41937.202 | Q15: 753375.01 | S15: 8672.004 | T15: 48056 | V15: 8672.004 | W15: 117010.45 | Y15: 8672.004 | Z15: 8.4671528
F16: 8674 | G16: 674.38337 | I16: 8673.004 | J16: 0.217 | K16: 68.133 | L16: 68.35 | N16: 8673.004 | O16: 711488.79 | P16: 41942.038 | Q16: 753430.83 | S16: 8673.004 | T16: 48056 | V16: 8673.004 | W16: 117021.69 | Y16: 8673.004 | Z16: 11.238153
F17: 8675 | G17: 674.41337 | I17: 8674.004 | J17: 2.371 | K17: 76.099 | L17: 78.47 | N17: 8674.004 | O17: 711544.67 | P17: 41946.873 | Q17: 753491.54 | S17: 8674.004 | T17: 48056.005 | V17: 8674.004 | W17: 117035.08 | Y17: 8674.004 | Z17: 13.392153
F18: 8676 | G18: 674.48137 | I18: 8675.004 | J18: 5.545 | K18: 73.285 | L18: 78.83 | N18: 8675.004 | O18: 711603.79 | P18: 41951.709 | Q18: 753555.5 | S18: 8675.004 | T18: 48056.057 | V18: 8675.004 | W18: 117048.88 | Y18: 8675.004 | Z18: 13.798153
F19: 8677 | G19: 674.56737 | I19: 8676.004 | J19: 6.712 | K19: 66.188 | L19: 72.9 | N19: 8676.004 | O19: 711655.51 | P19: 41956.544 | Q19: 753612.05 | S19: 8676.004 | T19: 48056.155 | V19: 8676.004 | W19: 117062.53 | Y19: 8676.004 | Z19: 13.649153
F20: 8678 | G20: 674.65437 | I20: 8677.004 | J20: 6.757 | K20: 67.692 | L20: 74.45 | N20: 8677.004 | O20: 711707.09 | P20: 41961.379 | Q20: 753668.47 | S20: 8677.004 | T20: 48056.221 | V20: 8677.004 | W20: 117075.86 | Y20: 8677.004 | Z20: 13.328153
F21: 8679 | G21: 674.71837 | I21: 8678.004 | J21: 4.619 | K21: 65.231 | L21: 69.85 | N21: 8678.004 | O21: 711761.72 | P21: 41966.215 | Q21: 753727.93 | S21: 8678.004 | T21: 48056.25 | V21: 8678.004 | W21: 117088.09 | Y21: 8678.004 | Z21: 12.227153
F22: 8680 | G22: 674.73237 | I22: 8679.004 | J22: 1.047 | K22: 76.513 | L22: 77.56 | N22: 8679.004 | O22: 711832.09 | P22: 41971.05 | Q22: 753803.14 | S22: 8679.004 | T22: 48056.25 | V22: 8679.004 | W22: 117100.75 | Y22: 8679.004 | Z22: 12.668153
F23: 8681 | G23: 674.73237 | I23: 8680.004 | J23: 0.006 | K23: 87.344 | L23: 87.35 | N23: 8680.004 | O23: 711931.14 | P23: 41975.885 | Q23: 753907.02 | S23: 8680.004 | T23: 48056.25 | V23: 8680.004 | W23: 117115.01 | Y23: 8680.004 | Z23: 14.253153
F24: 8682 | G24: 674.73237 | I24: 8681.004 | J24: 0 | K24: 110.06 | L24: 110.06 | N24: 8681.004 | O24: 712058.56 | P24: 41980.721 | Q24: 754039.28 | S24: 8681.004 | T24: 48056.25 | V24: 8681.004 | W24: 117134.79 | Y24: 8681.004 | Z24: 19.783153
... F102: 8760 | G102: 676.22037 | I102: 8759.004 | J102: 0 | K102: 59.78 | L102: 59.78 | N102: 8759.004 | O102: 717929.97 | P102: 42357.88 | Q102: 760287.85 | S102: 8759.004 | T102: 48066.487 | V102: 8759.004 | W102: 118388.99 | Y102: 8759.004 | Z102: 9.6311528

Sheet Scenario 1 Updated
A3: Total Self-suff | F3: Community total self sufficiency | I3: Hourly solar production [kWh] | J3: Hourly electricity purchased [kWh] | K3: Hourly electricity consumption [kWh] | N3: Cumulative lost revenue [DKK] | Q3: Cumulative bill [DKK] | R3: Cumulative PV cost [DKK] | S3: Cumulative total costs [DKK] | V3: Cumulative CO2 emissions [kg] | Y3: Hourly CO2 emissions [kg]
A4: 0 | E4: 8661 | F4: 0 | H4: 8660.004 | I4: 0 | J4: 82.81 | K4: 82.81 | M4: 8660.004 | N4: 0 | P4: 8660.004 | Q4: 809853.66 | R4: 0 | S4: 809853.66 | U4: 8660.004 | V4: 155683.85 | X4: 8660.004 | Y4: 24.627153
A5: TotalBill | E5: 8662 | F5: 0 | H5: 8661.004 | I5: 0 | J5: 80.07 | K5: 80.07 | M5: 8661.004 | N5: 0 | P5: 8661.004 | Q5: 809929.64 | R5: 0 | S5: 809929.64 | U5: 8661.004 | V5: 155704.28 | X5: 8661.004 | Y5: 20.431153
A6: 12973.785 | E6: 8663 | F6: 0 | H6: 8662.004 | I6: 0 | J6: 65.28 | K6: 65.28 | M6: 8662.004 | N6: 0 | P6: 8662.004 | Q6: 809984.82 | R6: 0 | S6: 809984.82 | U6: 8662.004 | V6: 155719.64 | X6: 8662.004 | Y6: 15.363153
A7: TotalCo2 | E7: 8664 | F7: 0 | H7: 8663.004 | I7: 0 | J7: 55.96 | K7: 55.96 | M7: 8663.004 | N7: 0 | P7: 8663.004 | Q7: 810028.94 | R7: 0 | S7: 810028.94 | U7: 8663.004 | V7: 155728.94 | X7: 8663.004 | Y7: 9.2981528
A8: 2513.949 | E8: 8665 | F8: 0 | H8: 8664.004 | I8: 0 | J8: 50.3 | K8: 50.3 | M8: 8664.004 | N8: 0 | P8: 8664.004 | Q8: 810068.72 | R8: 0 | S8: 810068.72 | U8: 8664.004 | V8: 155736.82 | X8: 8664.004 | Y8: 7.8811528
E9: 8666 | F9: 0 | H9: 8665.004 | I9: 0 | J9: 37 | K9: 37 | M9: 8665.004 | N9: 0 | P9: 8665.004 | Q9: 810092.6 | R9: 0 | S9: 810092.6 | U9: 8665.004 | V9: 155742.01 | X9: 8665.004 | Y9: 5.1911528
E10: 8667 | F10: 0 | H10: 8666.004 | I10: 0 | J10: 32.11 | K10: 32.11 | M10: 8666.004 | N10: 0 | P10: 8666.004 | Q10: 810110.06 | R10: 0 | S10: 810110.06 | U10: 8666.004 | V10: 155745.75 | X10: 8666.004 | Y10: 3.7381528
E11: 8668 | F11: 0 | H11: 8667.004 | I11: 0 | J11: 29.72 | K11: 29.72 | M11: 8667.004 | N11: 0 | P11: 8667.004 | Q11: 810124 | R11: 0 | S11: 810124 | U11: 8667.004 | V11: 155748.84 | X11: 8667.004 | Y11: 3.0851528
A12: =A4/8760 *100 -> 0 | E12: 8669 | F12: 0 | H12: 8668.004 | I12: 0 | J12: 28.88 | K12: 28.88 | M12: 8668.004 | N12: 0 | P12: 8668.004 | Q12: 810131.46 | R12: 0 | S12: 810131.46 | U12: 8668.004 | V12: 155751.85 | X12: 8668.004 | Y12: 3.0121528
E13: 8670 | F13: 0 | H13: 8669.004 | I13: 0 | J13: 29.12 | K13: 29.12 | M13: 8669.004 | N13: 0 | P13: 8669.004 | Q13: 810131.7 | R13: 0 | S13: 810131.7 | U13: 8669.004 | V13: 155754.83 | X13: 8669.004 | Y13: 2.9811528
E14: 8671 | F14: 0 | H14: 8670.004 | I14: 0 | J14: 34.26 | K14: 34.26 | M14: 8670.004 | N14: 0 | P14: 8670.004 | Q14: 810131.8 | R14: 0 | S14: 810131.8 | U14: 8670.004 | V14: 155758.49 | X14: 8670.004 | Y14: 3.6561528
E15: 8672 | F15: 0 | H15: 8671.004 | I15: 0 | J15: 41.5 | K15: 41.5 | M15: 8671.004 | N15: 0 | P15: 8671.004 | Q15: 810132.14 | R15: 0 | S15: 810132.14 | U15: 8671.004 | V15: 155763.06 | X15: 8671.004 | Y15: 4.5711528
E16: 8673 | F16: 0 | H16: 8672.004 | I16: 0 | J16: 54.84 | K16: 54.84 | M16: 8672.004 | N16: 0 | P16: 8672.004 | Q16: 810172.23 | R16: 0 | S16: 810172.23 | U16: 8672.004 | V16: 155771.53 | X16: 8672.004 | Y16: 8.4671528
E17: 8674 | F17: 0 | H17: 8673.004 | I17: 0 | J17: 68.35 | K17: 68.35 | M17: 8673.004 | N17: 0 | P17: 8673.004 | Q17: 810223.37 | R17: 0 | S17: 810223.37 | U17: 8673.004 | V17: 155782.8 | X17: 8673.004 | Y17: 11.274153
E18: 8675 | F18: 0 | H18: 8674.004 | I18: 0 | J18: 78.47 | K18: 78.47 | M18: 8674.004 | N18: 0 | P18: 8674.004 | Q18: 810280.98 | R18: 0 | S18: 810280.98 | U18: 8674.004 | V18: 155796.61 | X18: 8674.004 | Y18: 13.810153
E19: 8676 | F19: 0 | H19: 8675.004 | I19: 0 | J19: 78.83 | K19: 78.83 | M19: 8675.004 | N19: 0 | P19: 8675.004 | Q19: 810344.43 | R19: 0 | S19: 810344.43 | U19: 8675.004 | V19: 155811.45 | X19: 8675.004 | Y19: 14.842153
E20: 8677 | F20: 0 | H20: 8676.004 | I20: 0 | J20: 72.9 | K20: 72.9 | M20: 8676.004 | N20: 0 | P20: 8676.004 | Q20: 810401.1 | R20: 0 | S20: 810401.1 | U20: 8676.004 | V20: 155826.48 | X20: 8676.004 | Y20: 15.033153
E21: 8678 | F21: 0 | H21: 8677.004 | I21: 0 | J21: 74.45 | K21: 74.45 | M21: 8677.004 | N21: 0 | P21: 8677.004 | Q21: 810457.64 | R21: 0 | S21: 810457.64 | U21: 8677.004 | V21: 155841.14 | X21: 8677.004 | Y21: 14.659153
E22: 8679 | F22: 0 | H22: 8678.004 | I22: 0 | J22: 69.85 | K22: 69.85 | M22: 8678.004 | N22: 0 | P22: 8678.004 | Q22: 810516.05 | R22: 0 | S22: 810516.05 | U22: 8678.004 | V22: 155854.24 | X22: 8678.004 | Y22: 13.093153
E23: 8680 | F23: 0 | H23: 8679.004 | I23: 0 | J23: 77.56 | K23: 77.56 | M23: 8679.004 | N23: 0 | P23: 8679.004 | Q23: 810587.39 | R23: 0 | S23: 810587.39 | U23: 8679.004 | V23: 155867.08 | X23: 8679.004 | Y23: 12.842153
E24: 8681 | F24: 0 | H24: 8680.004 | I24: 0 | J24: 87.35 | K24: 87.35 | M24: 8680.004 | N24: 0 | P24: 8680.004 | Q24: 810686.44 | R24: 0 | S24: 810686.44 | U24: 8680.004 | V24: 155881.33 | X24: 8680.004 | Y24: 14.254153
... E103: 8760 | F103: 0 | H103: 8759.004 | I103: 0 | J103: 59.78 | K103: 59.78 | M103: 8759.004 | N103: 0 | P103: 8759.004 | Q103: 816834.58 | R103: 0 | S103: 816834.58 | U103: 8759.004 | V103: 157208.03 | X103: 8759.004 | Y103: 9.6311528

Sheet Scenario 2 Updated
A3: TotalSelfSuff | D3: Cumulative solar production [kWh] | E3: Cumulative electricity purchased [kWh] | F3: Cumulative electricity consumption [kWh] | G3: Cumulative electricity from grid [kWh] | H3: Cumulative electricity Peer-to-Peer [kWh] | K3: Cumulative revenue [DKK] | N3: Cumulative bill supplier [DKK] | O3: Cumulative PV cost [DKK] | P3: Cumulative total costs [DKK] | S3: Cumulative CO2 emissions [kg]
A4: 2009.296 | C4: 8660.006 | D4: 122926.86 | E4: 325902.56 | F4: 448829.42 | G4: 326017.28 | H4: 66934.598 | J4: 8660.006 | K4: 68969.94 | M4: 8660.006 | N4: 612807.72 | O4: 41879.178 | P4: 654686.9 | R4: 8660.006 | S4: 116960.33
A5: =A4/8760 *100 -> 22.937169 | C5: 8661.006 | D5: 122926.86 | E5: 325982.63 | F5: 448909.49 | G5: 326097.35 | H5: 66934.598 | J5: 8661.006 | K5: 68969.94 | M5: 8661.006 | N5: 612883.7 | O5: 41884.013 | P5: 654767.71 | R5: 8661.006 | S5: 116980.76
C6: 8662.006 | D6: 122926.86 | E6: 326047.91 | F6: 448974.77 | G6: 326162.63 | H6: 66934.598 | J6: 8662.006 | K6: 68969.94 | M6: 8662.006 | N6: 612938.88 | O6: 41888.849 | P6: 654827.73 | R6: 8662.006 | S6: 116996.12
B7: Total self-sufficiency | C7: 8663.006 | D7: 122926.86 | E7: 326103.87 | F7: 449030.73 | G7: 326218.59 | H7: 66934.598 | J7: 8663.006 | K7: 68969.94 | M7: 8663.006 | N7: 612983 | O7: 41893.684 | P7: 654876.69 | R7: 8663.006 | S7: 117005.42
A8: 8660.006 | B8: 2007.1108 | C8: 8664.006 | D8: 122926.86 | E8: 326154.17 | F8: 449081.03 | G8: 326268.89 | H8: 66934.598 | J8: 8664.006 | K8: 68969.94 | M8: 8664.006 | N8: 613022.78 | O8: 41898.519 | P8: 654921.3 | R8: 8664.006 | S8: 117013.3
A9: 8661.006 | B9: 2007.1108 | C9: 8665.006 | D9: 122926.86 | E9: 326191.17 | F9: 449118.03 | G9: 326305.89 | H9: 66934.598 | J9: 8665.006 | K9: 68969.94 | M9: 8665.006 | N9: 613046.65 | O9: 41903.355 | P9: 654950.01 | R9: 8665.006 | S9: 117018.49
A10: 8662.006 | B10: 2007.1108 | C10: 8666.006 | D10: 122926.86 | E10: 326223.28 | F10: 449150.14 | G10: 326338 | H10: 66934.598 | J10: 8666.006 | K10: 68969.94 | M10: 8666.006 | N10: 613064.12 | O10: 41908.19 | P10: 654972.31 | R10: 8666.006 | S10: 117022.23
A11: 8663.006 | B11: 2007.1108 | C11: 8667.006 | D11: 122926.86 | E11: 326253 | F11: 449179.86 | G11: 326367.72 | H11: 66934.598 | J11: 8667.006 | K11: 68969.94 | M11: 8667.006 | N11: 613078.06 | O11: 41913.026 | P11: 654991.09 | R11: 8667.006 | S11: 117025.32
A12: 8664.006 | B12: 2007.1108 | C12: 8668.006 | D12: 122926.86 | E12: 326281.88 | F12: 449208.74 | G12: 326396.65 | H12: 66934.598 | J12: 8668.006 | K12: 68969.94 | M12: 8668.006 | N12: 613085.53 | O12: 41917.861 | P12: 655003.39 | R12: 8668.006 | S12: 117028.34
A13: 8665.006 | B13: 2007.1108 | C13: 8669.006 | D13: 122926.86 | E13: 326311 | F13: 449237.86 | G13: 326425.77 | H13: 66934.598 | J13: 8669.006 | K13: 68969.94 | M13: 8669.006 | N13: 613085.77 | O13: 41922.696 | P13: 655008.46 | R13: 8669.006 | S13: 117031.32
A14: 8666.006 | B14: 2007.1108 | C14: 8670.006 | D14: 122926.86 | E14: 326345.26 | F14: 449272.12 | G14: 326460.03 | H14: 66934.598 | J14: 8670.006 | K14: 68969.94 | M14: 8670.006 | N14: 613085.87 | O14: 41927.532 | P14: 655013.4 | R14: 8670.006 | S14: 117034.97
A15: 8667.006 | B15: 2007.1108 | C15: 8671.006 | D15: 122926.86 | E15: 326386.76 | F15: 449313.62 | G15: 326501.53 | H15: 66934.598 | J15: 8671.006 | K15: 68969.94 | M15: 8671.006 | N15: 613086.21 | O15: 41932.367 | P15: 655018.58 | R15: 8671.006 | S15: 117039.54
A16: 8668.006 | B16: 2007.1108 | C16: 8672.006 | D16: 122926.86 | E16: 326441.6 | F16: 449368.46 | G16: 326556.37 | H16: 66934.598 | J16: 8672.006 | K16: 68969.94 | M16: 8672.006 | N16: 613126.3 | O16: 41937.202 | P16: 655063.51 | R16: 8672.006 | S16: 117048.01
A17: 8669.006 | B17: 2007.1108 | C17: 8673.006 | D17: 122927.07 | E17: 326509.73 | F17: 449436.81 | G17: 326624.5 | H17: 66934.598 | J17: 8673.006 | K17: 68969.94 | M17: 8673.006 | N17: 613177.28 | O17: 41942.038 | P17: 655119.32 | R17: 8673.006 | S17: 117059.25
A18: 8670.006 | B18: 2007.1108 | C18: 8674.006 | D18: 122929.44 | E18: 326585.83 | F18: 449515.28 | G18: 326700.6 | H18: 66934.616 | J18: 8674.006 | K18: 68969.948 | M18: 8674.006 | N18: 613233.14 | O18: 41946.873 | P18: 655180.02 | R18: 8674.006 | S18: 117072.64
A19: 8671.006 | B19: 2007.1108 | C19: 8675.006 | D19: 122934.99 | E19: 326659.12 | F19: 449594.11 | G19: 326773.89 | H19: 66934.795 | J19: 8675.006 | K19: 68970.036 | M19: 8675.006 | N19: 613292.13 | O19: 41951.709 | P19: 655243.84 | R19: 8675.006 | S19: 117086.44
... A103: 8755.006 | B103: 2009.2178 | C103: 8759.006 | D103: 123079.98 | E103: 332000.01 | F103: 455079.99 | G103: 332115.16 | H103: 66955.008 | J103: 8759.006 | K103: 68987.418 | M103: 8759.006 | N103: 619590.9 | O103: 42357.88 | P103: 661948.78 | R103: 8759.006 | S103: 118426.62
A104: 8756.006 | B104: 2009.2608
A105: 8757.006 | B105: 2009.2958
A106: 8758.006 | B106: 2009.2958
A107: 8759.006 | B107: 2009.2958

Sheet Scenario 3 Updated
A1: Totalselfsuff
A2: 3312.392
A4: =A2/8760 *100 -> 37.812694 | F4: Cumulative solar production [kWh] | G4: Cumulative electricity purchased [kWh] | H4: Cumulative electricity consumption [kWh] | I4: Cumulative electricity from grid [kWh] | J4: Cumulative electricity Peer-to-Peer [kWh] | M4: Cumulative bill supplier [DKK] | N4: Cumulative PV cost [DKK] | O4: Cumulative total costs [DKK] | R4: Cumulative revenue [DKK] | U4: Cumulative CO2 emissions [kg]
C5: Total self-sufficiency | E5: 8660.006 | F5: 531477.88 | G5: -82648.461 | H5: 448829.42 | I5: -82596.654 | J5: 4526.631 | L5: 8660.006 | M5: 350495.11 | N5: 181065.86 | O5: 531560.96 | Q5: 8660.006 | R5: 147805.6 | T5: 8660.006 | U5: -11884.827
B6: 8660.006 | C6: 3303.2747 | E6: 8661.006 | F6: 531477.88 | G6: -82568.391 | H6: 448909.49 | I6: -82516.584 | J6: 4526.631 | L6: 8661.006 | M6: 350571.08 | N6: 181086.76 | O6: 531657.85 | Q6: 8661.006 | R6: 147805.6 | T6: 8661.006 | U6: -11864.396
B7: 8661.006 | C7: 3303.2747 | E7: 8662.006 | F7: 531477.88 | G7: -82503.111 | H7: 448974.77 | I7: -82451.304 | J7: 4526.631 | L7: 8662.006 | M7: 350626.26 | N7: 181107.67 | O7: 531733.93 | Q7: 8662.006 | R7: 147805.6 | T7: 8662.006 | U7: -11849.033
B8: 8662.006 | C8: 3303.2747 | E8: 8663.006 | F8: 531477.88 | G8: -82447.151 | H8: 449030.73 | I8: -82395.344 | J8: 4526.631 | L8: 8663.006 | M8: 350670.39 | N8: 181128.58 | O8: 531798.96 | Q8: 8663.006 | R8: 147805.6 | T8: 8663.006 | U8: -11839.735
B9: 8663.006 | C9: 3303.2747 | E9: 8664.006 | F9: 531477.88 | G9: -82396.851 | H9: 449081.03 | I9: -82345.044 | J9: 4526.631 | L9: 8664.006 | M9: 350710.16 | N9: 181149.48 | O9: 531859.64 | Q9: 8664.006 | R9: 147805.6 | T9: 8664.006 | U9: -11831.854
B10: 8664.006 | C10: 3303.2747 | E10: 8665.006 | F10: 531477.88 | G10: -82359.851 | H10: 449118.03 | I10: -82308.044 | J10: 4526.631 | L10: 8665.006 | M10: 350734.04 | N10: 181170.39 | O10: 531904.42 | Q10: 8665.006 | R10: 147805.6 | T10: 8665.006 | U10: -11826.663
B11: 8665.006 | C11: 3303.2747 | E11: 8666.006 | F11: 531477.88 | G11: -82327.741 | H11: 449150.14 | I11: -82275.934 | J11: 4526.631 | L11: 8666.006 | M11: 350751.5 | N11: 181191.29 | O11: 531942.79 | Q11: 8666.006 | R11: 147805.6 | T11: 8666.006 | U11: -11822.924
B12: 8666.006 | C12: 3303.2747 | E12: 8667.006 | F12: 531477.88 | G12: -82298.021 | H12: 449179.86 | I12: -82246.214 | J12: 4526.631 | L12: 8667.006 | M12: 350765.45 | N12: 181212.2 | O12: 531977.64 | Q12: 8667.006 | R12: 147805.6 | T12: 8667.006 | U12: -11819.84
B13: 8667.006 | C13: 3303.2747 | E13: 8668.006 | F13: 531477.88 | G13: -82269.141 | H13: 449208.74 | I13: -82217.284 | J13: 4526.631 | L13: 8668.006 | M13: 350772.91 | N13: 181233.1 | O13: 532006.02 | Q13: 8668.006 | R13: 147805.6 | T13: 8668.006 | U13: -11816.822
B14: 8668.006 | C14: 3303.2747 | E14: 8669.006 | F14: 531477.88 | G14: -82240.021 | H14: 449237.86 | I14: -82188.164 | J14: 4526.631 | L14: 8669.006 | M14: 350773.15 | N14: 181254.01 | O14: 532027.16 | Q14: 8669.006 | R14: 147805.6 | T14: 8669.006 | U14: -11813.841
B15: 8669.006 | C15: 3303.2747 | E15: 8670.006 | F15: 531477.88 | G15: -82205.761 | H15: 449272.12 | I15: -82153.904 | J15: 4526.631 | L15: 8670.006 | M15: 350773.25 | N15: 181274.92 | O15: 532048.17 | Q15: 8670.006 | R15: 147805.6 | T15: 8670.006 | U15: -11810.185
B16: 8670.006 | C16: 3303.2747 | E16: 8671.006 | F16: 531477.88 | G16: -82164.261 | H16: 449313.62 | I16: -82112.404 | J16: 4526.631 | L16: 8671.006 | M16: 350773.59 | N16: 181295.82 | O16: 532069.42 | Q16: 8671.006 | R16: 147805.6 | T16: 8671.006 | U16: -11805.614
B17: 8671.006 | C17: 3303.2747 | E17: 8672.006 | F17: 531477.88 | G17: -82109.421 | H17: 449368.46 | I17: -82057.564 | J17: 4526.631 | L17: 8672.006 | M17: 350813.69 | N17: 181316.73 | O17: 532130.41 | Q17: 8672.006 | R17: 147805.6 | T17: 8672.006 | U17: -11797.147
... B104: 8758.006 | C104: 3312.3917 | E104: 8759.006 | F104: 532139.9 | G104: -77059.918 | H104: 455079.99 | I104: -77007.711 | J104: 4538.017 | L104: 8759.006 | M104: 356645.98 | N104: 183135.54 | O104: 539781.52 | Q104: 8759.006 | R104: 147867.76 | T104: 8759.006 | U104: -10611.195
B105: 8759.006 | C105: 3312.3917

Sheet Scenario 4 Updated
A1: Cumulative Production wind
A2: 230112.92
A3: Cumulative CO2 reduction | E3: Total self-sufficiency | H3: Cumulative revenue wind [DKK] | I3: Cumulative revenue solar [DKK] | J3: Cumulative lost revenue [DKK] | M3: Cumulative bill [DKK] | N3: Cumulative PV cost [DKK] | O3: Cumulative total costs [DKK] | P3: Cumulative wind turbine cost [DKK] | S3: Cumulative CO2 emissions [kg]
A4: 4231.911 | D4: 8661 | E4: 5493.0264 | G4: 8660.006 | H4: 6691.7234 | I4: 34654.636 | J4: 51981.954 | L4: 8660.006 | M4: 410132.85 | N4: 41879.178 | O4: 593072.14 | P4: 141060.11 | R4: 8660.006 | S4: 63786.902
A5: Cumulative Wind | D5: 8662 | E5: 5493.4814 | G5: 8661.006 | H5: 6691.7234 | I5: 34654.636 | J5: 51981.954 | L5: 8661.006 | M5: 410174.29 | N5: 41884.013 | O5: 593134.7 | P5: 141076.39 | R5: 8661.006 | S5: 63798.045
A6: 6768.871 | D6: 8663 | E6: 5494.1184 | G6: 8662.006 | H6: 6691.7234 | I6: 34654.636 | J6: 51981.954 | L6: 8662.006 | M6: 410194.27 | N6: 41888.849 | O6: 593175.8 | P6: 141092.68 | R6: 8662.006 | S6: 63803.609
A7: TotalSelfSuff | D7: 8664 | E7: 5494.9434 | G7: 8663.006 | H7: 6691.7234 | I7: 34654.636 | J7: 51981.954 | L7: 8663.006 | M7: 410202.01 | N7: 41893.684 | O7: 593204.66 | P7: 141108.97 | R7: 8663.006 | S7: 63805.24
A8: 5565.669 | D8: 8665 | E8: 5495.8504 | G8: 8664.006 | H8: 6691.7234 | I8: 34654.636 | J8: 51981.954 | L8: 8664.006 | M8: 410205.7 | N8: 41898.519 | O8: 593229.47 | P8: 141125.25 | R8: 8664.006 | S8: 63805.97
D9: 8666 | E9: 5496.8504 | G9: 8665.006 | H9: 6692.8704 | I9: 34654.636 | J9: 51981.954 | L9: 8665.006 | M9: 410205.7 | N9: 41903.355 | O9: 593250.59 | P9: 141141.54 | R9: 8665.006 | S9: 63804.724
A10: =A8/8760 *100 -> 63.535034 | D10: 8667 | E10: 5497.8504 | G10: 8666.006 | H10: 6694.6964 | I10: 34654.636 | J10: 51981.954 | L10: 8666.006 | M10: 410205.7 | N10: 41908.19 | O10: 593271.72 | P10: 141157.83 | R10: 8666.006 | S10: 63802.768
D11: 8668 | E11: 5498.8504 | G11: 8667.006 | H11: 6697.0274 | I11: 34654.636 | J11: 51981.954 | L11: 8667.006 | M11: 410205.7 | N11: 41913.026 | O11: 593292.84 | P11: 141174.11 | R11: 8667.006 | S11: 63800.191
D12: 8669 | E12: 5499.8504 | G12: 8668.006 | H12: 6698.5014 | I12: 34654.639 | J12: 51981.958 | L12: 8668.006 | M12: 410205.7 | N12: 41917.861 | O12: 593313.96 | P12: 141190.4 | R12: 8668.006 | S12: 63797.207
D13: 8670 | E13: 5500.8504 | G13: 8669.006 | H13: 6698.5494 | I13: 34654.639 | J13: 51981.958 | L13: 8669.006 | M13: 410205.7 | N13: 41922.696 | O13: 593335.08 | P13: 141206.69 | R13: 8669.006 | S13: 63794.242
D14: 8671 | E14: 5501.8504 | G14: 8670.006 | H14: 6698.5634 | I14: 34654.639 | J14: 51981.958 | L14: 8670.006 | M14: 410205.7 | N14: 41927.532 | O14: 593356.2 | P14: 141222.97 | R14: 8670.006 | S14: 63791.693
D15: 8672 | E15: 5502.8504 | G15: 8671.006 | H15: 6698.5904 | I15: 34654.639 | J15: 51981.958 | L15: 8671.006 | M15: 410205.7 | N15: 41932.367 | O15: 593377.32 | P15: 141239.26 | R15: 8671.006 | S15: 63789.882
D16: 8673 | E16: 5503.8504 | G16: 8672.006 | H16: 6698.5904 | I16: 34654.639 | J16: 51981.958 | L16: 8672.006 | M16: 410205.73 | N16: 41937.202 | O16: 593398.48 | P16: 141255.55 | R16: 8672.006 | S16: 63789.89
D17: 8674 | E17: 5504.6384 | G17: 8673.006 | H17: 6698.5904 | I17: 34654.639 | J17: 51981.958 | L17: 8673.006 | M17: 410216.55 | N17: 41942.038 | O17: 593430.42 | P17: 141271.83 | R17: 8673.006 | S17: 63792.275
D18: 8675 | E18: 5505.3644 | G18: 8674.006 | H18: 6698.5904 | I18: 34654.651 | J18: 51981.977 | L18: 8674.006 | M18: 410232.37 | N18: 41946.873 | O18: 593467.36 | P18: 141288.12 | R18: 8674.006 | S18: 63796.055
D19: 8676 | E19: 5506.1514 | G19: 8675.006 | H19: 6698.5904 | I19: 34654.751 | J19: 51982.126 | L19: 8675.006 | M19: 410246.28 | N19: 41951.709 | O19: 593502.39 | P19: 141304.41 | R19: 8675.006 | S19: 63799.215
D20: 8677 | E20: 5507.0394 | G20: 8676.006 | H20: 6698.5904 | I20: 34654.853 | J20: 51982.28 | L20: 8676.006 | M20: 410253.05 | N20: 41956.544 | O20: 593530.29 | P20: 141320.69 | R20: 8676.006 | S20: 63800.902
D21: 8678 | E21: 5507.8954 | G21: 8677.006 | H21: 6698.5904 | I21: 34655.025 | J21: 51982.538 | L21: 8677.006 | M21: 410261.87 | N21: 41961.379 | O21: 593560.23 | P21: 141336.98 | R21: 8677.006 | S21: 63803.011
D22: 8679 | E22: 5508.7614 | G22: 8678.006 | H22: 6698.5904 | I22: 34655.169 | J22: 51982.754 | L22: 8678.006 | M22: 410270.27 | N22: 41966.215 | O22: 593589.76 | P22: 141353.27 | R22: 8678.006 | S22: 63804.765
... D103: 8760 | E103: 5565.6694 | G103: 8759.006 | H103: 6768.8714 | I103: 34663.187 | J103: 51994.781 | L103: 8759.006 | M103: 412566.66 | N103: 42357.88 | O103: 597597.04 | P103: 142672.5 | R103: 8759.006 | S103: 64316.094

Sheet Scenario 5 Updated
A1: Cumulative Production wind
A2: 230112.92
A3: Cumulative CO2 reduction | G3: Total self-sufficiency | J3: Cumulative revenue wind [DKK] | K3: Cumulative revenue solar [DKK] | L3: Cumulative lost revenue [DKK] | O3: Cumulative bill [DKK] | P3: Cumulative PV cost [DKK] | Q3: Cumulative total costs [DKK] | R3: Cumulative wind turbine cost [DKK] | U3: Cumulative CO2 emissions [kg]
A4: 14642.546 | F4: 8661 | G4: 6126.503 | I4: 8660.006 | J4: 22896.965 | K4: 155170.29 | L4: 232755.44 | N4: 8660.006 | O4: 143002.11 | P4: 181065.86 | Q4: 465128.07 | R4: 141060.11 | T4: 8660.006 | U4: -76685.429
A5: Cumulative Rev Wind | F5: 8662 | G5: 6126.958 | I5: 8661.006 | J5: 22896.965 | K5: 155170.29 | L5: 232755.44 | N5: 8661.006 | O5: 143043.54 | P5: 181086.76 | Q5: 465206.7 | R5: 141076.39 | T5: 8661.006 | U5: -76674.286
A6: 22993.057 | F6: 8663 | G6: 6127.595 | I6: 8662.006 | J6: 22896.965 | K6: 155170.29 | L6: 232755.44 | N6: 8662.006 | O6: 143063.53 | P6: 181107.67 | Q6: 465263.88 | R6: 141092.68 | T6: 8662.006 | U6: -76668.722
A7: TotalSelfSuff | F7: 8664 | G7: 6128.42 | I7: 8663.006 | J7: 22896.965 | K7: 155170.29 | L7: 232755.44 | N7: 8663.006 | O7: 143071.27 | P7: 181128.58 | Q7: 465308.81 | R7: 141108.97 | T7: 8663.006 | U7: -76667.091
A8: 6204.392 | F8: 8665 | G8: 6129.327 | I8: 8664.006 | J8: 22896.965 | K8: 155170.29 | L8: 232755.44 | N8: 8664.006 | O8: 143074.95 | P8: 181149.48 | Q8: 465349.69 | R8: 141125.25 | T8: 8664.006 | U8: -76666.361
A9: Cumulative Cost wind | F9: 8666 | G9: 6130.327 | I9: 8665.006 | J9: 22898.112 | K9: 155170.29 | L9: 232755.44 | N9: 8665.006 | O9: 143074.95 | P9: 181170.39 | Q9: 465386.88 | R9: 141141.54 | T9: 8665.006 | U9: -76667.607
A10: 142688.79 | F10: 8667 | G10: 6131.327 | I10: 8666.006 | J10: 22899.938 | K10: 155170.29 | L10: 232755.44 | N10: 8666.006 | O10: 143074.95 | P10: 181191.29 | Q10: 465424.07 | R10: 141157.83 | T10: 8666.006 | U10: -76669.563
F11: 8668 | G11: 6132.327 | I11: 8667.006 | J11: 22902.269 | K11: 155170.29 | L11: 232755.44 | N11: 8667.006 | O11: 143074.95 | P11: 181212.2 | Q11: 465461.27 | R11: 141174.11 | T11: 8667.006 | U11: -76672.14
F12: 8669 | G12: 6133.327 | I12: 8668.006 | J12: 22903.743 | K12: 155170.3 | L12: 232755.45 | N12: 8668.006 | O12: 143074.95 | P12: 181233.1 | Q12: 465498.46 | R12: 141190.4 | T12: 8668.006 | U12: -76675.124
F13: 8670 | G13: 6134.327 | I13: 8669.006 | J13: 22903.791 | K13: 155170.3 | L13: 232755.45 | N13: 8669.006 | O13: 143074.95 | P13: 181254.01 | Q13: 465535.65 | R13: 141206.69 | T13: 8669.006 | U13: -76678.089
A14: =A8/8760 *100 -> 70.826393 | F14: 8671 | G14: 6135.327 | I14: 8670.006 | J14: 22903.805 | K14: 155170.3 | L14: 232755.45 | N14: 8670.006 | O14: 143074.95 | P14: 181274.92 | Q14: 465572.84 | R14: 141222.97 | T14: 8670.006 | U14: -76680.638
F15: 8672 | G15: 6136.327 | I15: 8671.006 | J15: 22903.832 | K15: 155170.3 | L15: 232755.45 | N15: 8671.006 | O15: 143074.95 | P15: 181295.82 | Q15: 465610.03 | R15: 141239.26 | T15: 8671.006 | U15: -76682.449
F16: 8673 | G16: 6137.327 | I16: 8672.006 | J16: 22903.832 | K16: 155170.3 | L16: 232755.45 | N16: 8672.006 | O16: 143074.99 | P16: 181316.73 | Q16: 465647.26 | R16: 141255.55 | T16: 8672.006 | U16: -76682.441
F17: 8674 | G17: 6138.125 | I17: 8673.006 | J17: 22903.832 | K17: 155170.3 | L17: 232755.45 | N17: 8673.006 | O17: 143085.27 | P17: 181337.63 | Q17: 465694.73 | R17: 141271.83 | T17: 8673.006 | U17: -76680.175
F18: 8675 | G18: 6138.953 | I18: 8674.006 | J18: 22903.832 | K18: 155170.33 | L18: 232755.5 | N18: 8674.006 | O18: 143095.32 | P18: 181358.54 | Q18: 465741.98 | R18: 141288.12 | T18: 8674.006 | U18: -76677.798
F19: 8676 | G19: 6139.953 | I19: 8675.006 | J19: 22903.919 | K19: 155170.72 | L19: 232756.08 | N19: 8675.006 | O19: 143094.93 | P19: 181379.45 | Q19: 465778.78 | R19: 141304.41 | T19: 8675.006 | U19: -76678.355
F20: 8677 | G20: 6140.953 | I20: 8676.006 | J20: 22905.85 | K20: 155171.28 | L20: 232756.91 | N20: 8676.006 | O20: 143094.37 | P20: 181400.35 | Q20: 465815.42 | R20: 141320.69 | T20: 8676.006 | U20: -76681.654
F21: 8678 | G21: 6141.953 | I21: 8677.006 | J21: 22907.298 | K21: 155172.38 | L21: 232758.57 | N21: 8677.006 | O21: 143093.27 | P21: 181421.26 | Q21: 465851.51 | R21: 141336.98 | T21: 8677.006 | U21: -76684.962
F22: 8679 | G22: 6142.953 | I22: 8678.006 | J22: 22908.123 | K22: 155173.09 | L22: 232759.63 | N22: 8678.006 | O22: 143092.56 | P22: 181442.16 | Q22: 465887.99 | R22: 141353.27 | T22: 8678.006 | U22: -76686.677
F23: 8680 | G23: 6143.718 | I23: 8679.006 | J23: 22908.123 | K23: 155173.09 | L23: 232759.63 | N23: 8679.006 | O23: 143109.37 | P23: 181463.07 | Q23: 465941.99 | R23: 141369.55 | T23: 8679.006 | U23: -76683.653
F24: 8681 | G24: 6144.35 | I24: 8680.006 | J24: 22908.123 | K24: 155173.09 | L24: 232759.63 | N24: 8680.006 | O24: 143145.81 | P24: 181483.98 | Q24: 466015.62 | R24: 141385.84 | T24: 8680.006 | U24: -76678.409
F25: 8682 | G25: 6144.847 | I25: 8681.006 | J25: 22908.123 | K25: 155173.09 | L25: 232759.63 | N25: 8681.006 | O25: 143209.89 | P25: 181504.88 | Q25: 466116.9 | R25: 141402.13 | T25: 8681.006 | U25: -76668.46
F26: 8683 | G26: 6145.307 | I26: 8682.006 | J26: 22908.123 | K26: 155173.09 | L26: 232759.63 | N26: 8682.006 | O26: 143283.51 | P26: 181525.79 | Q26: 466227.71 | R26: 141418.42 | T26: 8682.006 | U26: -76658.585
... F103: 8760 | G103: 6204.392 | I103: 8759.006 | J103: 22993.057 | K103: 155210.22 | L103: 232815.33 | N103: 8759.006 | O103: 144949.78 | P103: 183135.54 | Q103: 470757.82 | R103: 142672.5 | T103: 8759.006 | U103: -76363.171
